[
    {
        "name": "Dungeons",
        "chest_unopened_img": "images/chest.png",
        "chest_opened_img": "images/chest-open.png",
        "color": "#00CC00",
        "children": [
            {
                "name": "Level 0 - Color Dungeon - Advanced Tracking",
                "children": [
                    {
                        
                        "name": "First Color Puzzle",
                        "map_locations": [
                            {
                                "map": "D0",
                                "x": 456,
                                "y": 426 
                        }
                    ],
                        "sections": [
                            {
                                "access_rules": ["sword1"],
                                "item_count": 1
                            }
                        ]
                    },
                    {
                        "name": "Bomb the Color Puzzle South Wall",
                        "map_locations": [
                            {
                                "map": "D0",
                                "x": 444,
                                "y": 551 
                        }
                    ],
                        "sections": [
                            {
                                "access_rules": ["bombs"],
                                "item_count": 1
                            }
                        ]
                    },
                    {
                        "name": "Red-Green Orb Enemy Chest",
                        "map_locations": [
                            {
                                "map": "D0",
                                "x": 775,
                                "y": 425 
                        }
                    ],
                        "sections": [
                            {
                                "access_rules": ["sword1"],
                                "item_count": 1
                            }
                        ]
                    },
                    {
                        "name": "South-East One-Way Loop Chest",
                        "map_locations": [
                            {
                                "map": "D0",
                                "x": 519,
                                "y": 603 
                        }
                    ],
                        "sections": [
                            {
                                "access_rules": ["$can_attack"],
                                "item_count": 1
                            }
                        ]
                    },
                    {
                        "name": "Red-Blue-Yellow 2x2 Color Puzzle",
                        "map_locations": [
                            {
                                "map": "D0",
                                "x": 727,
                                "y": 182 
                        }
                    ],
                        "sections": [
                            {
                                "access_rules": ["sword1"],
                                "item_count": 1,
                                "chest_opened_img": "images/smallKey.png",
                                "chest_unopened_img": "images/smallKeyD.png"
                            }
                        ]
                    },
                    {
                        "name": "Giant Zol",
                        "map_locations": [
                            {
                                "map": "D0",
                                "x": 711,
                                "y": 26 
                        }
                    ],
                        "sections": [
                            {
                                "access_rules": [
                                    "[D0SK:2], D0SK:1, powder, sword1"
                                ],
                                "item_count": 1
                            }
                        ]
                    },
                    {
                        "name": "Kill all the Zols in the Pot Room",
                        "map_locations": [
                            {
                                "map": "D0",
                                "x": 455,
                                "y": 170 
                        }
                    ],
                        "sections": [
                            {
                                "access_rules": [
                                    "[D0SK:2], D0SK:1, lift1, $can_attack"
                                ],
                                "item_count": 1
                            }
                        ]
                    },
                    {
                        "name": "Red-Blue-Green-Green Orb Enemy Room",
                        "map_locations": [
                            {
                                "map": "D0",
                                "x": 551,
                                "y": 184 
                        }
                    ],
                        "sections": [
                            {
                                "access_rules": [
                                    "[D0SK:2], D0SK:1, lift1, sword1"
                                ],
                                "item_count": 1,
                                "chest_opened_img": "images/smallKey.png",
                                "chest_unopened_img": "images/smallKeyD.png"
                            }
                        ]
                    },
                    {
                        "name": "Evil Orb",
                        "map_locations": [
                            {
                                "map": "D0",
                                "x": 79,
                                "y": 49 
                        }
                    ],
                        "sections": [
                            {
                                "access_rules": [
                                    "[D0SK:3], D0SK:2, sword1",
                                    "[D0SK:3], D0SK:2, bow",
                                    "[D0SK:3], D0SK:2, hookshot"
                                ],
                                "hosted_item": "color"
                            }
                        ]
                    },
                    {
                        "name": "Red/Blue Mail",
                        "map_locations": [
                            {
                                "map": "D0",
                                "x": 239,
                                "y": 75
                            }
                        ],
                        "sections": [
                            {
                                "access_rules": ["color"],
                                "hosted_item": "armor2"
                            }
                        ]
                    }
                ]
            },
            {
                "name": "Level 1 - Tail Cave - Advanced Tracking",
                "access_rules": ["tail"],
                "children": [
                    {
                        "name": "Mini-Moldorm Ceiling Key",
                        "map_locations": [
                            {
                                "map": "D1",
                                "x": 359,
                                "y": 698 
                        }
                    ],
                        "sections": [
                            {
                                "access_rules": [
                                    "sword1",
                                    "shield"
                                ],
                                "item_count": 1,
                                "chest_opened_img": "images/smallKey.png",
                                "chest_unopened_img": "images/smallKeyD.png"
                            }
                        ]
                    },
                    {
                        "name": "Compass Chest",
                        "map_locations": [
                            {
                                "map": "D1",
                                "x": 216,
                                "y": 698 
                        }
                    ],
                        "sections": [
                            {
                                "access_rules": [],
                                "item_count": 1
                            }
                        ]
                    },
                    {
                        "name": "Button",
                        "map_locations": [
                            {
                                "map": "D1",
                                "x": 615,
                                "y": 555 
                        }
                    ],
                        "sections": [
                            {
                                "item_count": 1
                            }
                        ]
                    },
                    {
                        "name": "Map Chest",
                        "map_locations": [
                            {
                                "map": "D1",
                                "x": 774,
                                "y": 555 
                        }
                    ],
                        "sections": [
                            {
                                "item_count": 1,
                                "access_rules": ["$can_attack"]
                            }
                        ]
                    },
                    {
                        "name": "Chest Guarded by Spark",
                        "map_locations": [
                            {
                                "map": "D1",
                                "x": 550,
                                "y": 426 
                        }
                    ],
                        "sections": [
                            {
                                "item_count": 1
                            }
                        ]
                    },
                    {
                        "name": "Kill Mini-Moldorm",
                        "map_locations": [
                            {
                                "map": "D1",
                                "x": 455,
                                "y": 426 
                        }
                    ],
                        "sections": [
                            {
                                "item_count": 1,
                                "access_rules": ["$can_attack"]
                            }
                        ]
                    },
                    {
                        "name": "Bombable Wall",
                        "map_locations": [
                            {
                                "map": "D1",
                                "x": 231,
                                "y": 440 
                        }
                    ],
                        "sections": [
                            {
                                "item_count": 1,
                                "access_rules": [
                                    "bombs"
                                ]
                            }
                        ]
                    },
                    {
                        "name": "Roc's Feather",
                        "map_locations": [
                            {
                                "map": "D1",
                                "x": 71,
                                "y": 299 
                        }
                    ],
                        "sections": [
                            {
                                "item_count": 1,
                                "access_rules": [
                                    "[D1SK:3], D1SK:1, shield"
                                ]
                            }
                        ]
                    },
                    {
                        "name": "Nightmare's Key",
                        "map_locations": [
                            {
                                "map": "D1",
                                "x": 551,
                                "y": 293 
                        }
                    ],
                        "sections": [
                            {
                                "item_count": 1,
                                "access_rules": [
                                    "[D1SK:3], D1SK:1, feather"
                                ]
                            }
                        ]
                    },
                    {
                        "name": "Three-of-a-Kind",
                        "map_locations": [
                            {
                                "map": "D1",
                                "x": 935,
                                "y": 299 
                        }
                    ],
                        "sections": [
                            {
                                "item_count": 1,
                                "access_rules": [
                                    "[D1SK:3], D1SK:1, $can_attack"
                                ]
                            }
                        ]
                    },
                    {
                        "name": "Moldorm",
                        "map_locations": [
                            {
                                "map": "D1",
                                "x": 1039,
                                "y": 192
                        }
                    ],
                        "sections": [
                            {
                                "item_count": 1,
                                "access_rules": [
                                    "[D1SK:3], D1SK:1, D1BK, feather, sword1"
                                ],
                                "chest_opened_img": "images/heartContainerd.png",
                                "chest_unopened_img": "images/heartContainer.png"
                            }
                        ]
                    },
                    {
                        "name": "Full Moon Cello",
                        "map_locations": [
                            {
                                "map": "D1",
                                "x": 1037,
                                "y": 41
                            }
                        ],
                        "sections": [
                            {
                                "access_rules": ["[D1SK:3], D1SK:1, D1BK, feather, sword1"],
                                "hosted_item": "cello"
                            }
                        ]
                    }
                ]
            },
            {
                "name": "Level 2 - Bottle Cavern - Advanced Tracking",
                "access_rules": [
                    "lift1, $can_break_swamp_flowers",
                    "lift1, setting_overworldmods_on",
                    "$can_break_grass, $can_break_swamp_flowers, feather"
                ],
                "children": [
                    {
                        "name": "Stone Beak",
                        "map_locations": [
                            {
                                "map": "D2",
                                "x": 70,
                                "y": 551
                            }
                        ],
                        "sections": [
                            {
                                "item_count": 1
                            }
                        ]
                    },
                    {
                        "name": "Stalfos Ceiling Key",
                        "map_locations": [
                            {
                                "map": "D2",
                                "x": 358,
                                "y": 695
                            }
                        ],
                        "sections": [
                            {
                                "item_count": 1,
                                "access_rules": ["$can_attack"],
                                "chest_unopened_img": "images/smallKeyD.png",
                                "chest_opened_img": "images/smallKey.png"
                            }
                        ]
                    },
                    {
                        "name": "Shy Guy/Compass Chest",
                        "map_locations": [
                            {
                                "map": "D2",
                                "x": 455,
                                "y": 810
                            }
                        ],
                        "sections": [
                            {
                                "item_count": 1,
                                "access_rules": [
                                    "[D2SK:3], D2SK:1, sword1"
                                ]
                            }
                        ]
                    },
                    {
                        "name": "Surounded by Blocks",
                        "map_locations": [
                            {
                                "map": "D2",
                                "x": 536,
                                "y": 841
                            }
                        ],
                        "sections": [
                            {
                                "item_count": 1,
                                "access_rules": ["[sword1]"]
                            }
                        ]
                    },
                    {
                        "name": "Shy Guy Ceiling Key",
                        "map_locations": [
                            {
                                "map": "D2",
                                "x": 679,
                                "y": 696
                            }
                        ],
                        "sections": [
                            {
                                "item_count": 1,
                                "access_rules": [
                                    "sword1"
                                ],
                                "chest_opened_img": "images/smallKey.png",
                                "chest_unopened_img": "images/smallKeyD.png"
                            }
                        ]
                    },
                    {
                        "name": "Button Across the Gaps",
                        "map_locations": [
                            {
                                "map": "D2",
                                "x": 773,
                                "y": 812
                            }
                        ],
                        "sections": [
                            {
                                "item_count": 1,
                                "access_rules": ["feather"]
                            }
                        ]
                    },
                    {
                        "name": "Map Chest",
                        "map_locations": [
                            {
                                "map": "D2",
                                "x": 198,
                                "y": 170
                            }
                        ],
                        "sections": [
                            {
                                "item_count": 1,
                                "access_rules": [
                                    "[D2SK:3], D2SK:1"
                                ]
                            }
                        ]
                    },
                    {
                        "name": "Ghost Room",
                        "map_locations": [
                            {
                                "map": "D2",
                                "x": 136,
                                "y": 42
                            }
                        ],
                        "sections": [
                            {
                                "item_count": 1,
                                "access_rules": [
                                    "[D2SK:4], D2SK:2, powder, $can_attack",
                                    "[D2SK:4], D2SK:2, sword1, feather [powder], [$can_attack]"
                                ]
                            }
                        ]
                    },
                    {
                        "name": "Surrounded by Blocks Again",
                        "map_locations": [
                            {
                                "map": "D2",
                                "x": 439,
                                "y": 42
                            }
                        ],
                        "sections": [
                            {
                                "item_count": 1,
                                "access_rules": [
                                    "[D2SK:3], D2SK:1, lift1"
                                ]
                            }
                        ]
                    },
                    {
                        "name": "Pols Voice, Keese, then Hooded Stalfos",
                        "map_locations": [
                            {
                                "map": "D2",
                                "x": 775,
                                "y": 168
                            }
                        ],
                        "sections": [
                            {
                                "item_count": 1,
                                "access_rules": [
                                    "[D2SK:3], D2SK:1. lift1",
                                    "[D2SK:3], D2SK:1, ocarina, ballad"
                                ]
                            }
                        ]
                    },
                    {
                        "name": "Mad Genie",
                        "map_locations": [
                            {
                                "map": "D2",
                                "x": 878,
                                "y": 321
                            }
                        ],
                        "sections": [
                            {
                                "item_count": 1,
                                "chest_opened_img": "images/heartContainerd.png",
                                "chest_unopened_img": "images/heartContainer.png",
                                "access_ruies": "[D2SK:4], D2SK:2, D2BK, lift1, $can_attack"
                            }
                        ]
                    },
                    {
                        "name": "Conch Horn",
                        "map_locations": [
                            {
                                "map": "D2",
                                "x": 720,
                                "y": 296
                            }
                        ],
                        "sections": [
                            {
                                "hosted_item": "conch",
                                "access_ruies": "[D2SK:4], D2SK:2, D2BK, lift1, $can_attack"
                            }
                        ]
                    }
                ]
            },
            {
                "name": "Level 3 - Key Cavern - Advanced Tracking",
                "access_rules": [
                    "slime, lift1, feather",
                    "slime, lift1, flippers"
                ],
                "children": [
                    {
                        "name": "East of Entrance",
                        "map_locations": [
                            {
                                "map": "D3",
                                "x": 456,
                                "y": 939
                            }
                        ],
                        "sections": [
                            {
                                "access_rules": "boots",
                                "item_count": 1
                            }
                        ]
                    },
                    {
                        "name": "North of Entrance",
                        "map_locations": [
                            {
                                "map": "D3",
                                "x": 297,
                                "y": 826
                            }
                        ],
                        "sections": [
                            {
                                "item_count": 1
                            }
                        ]
                    },
                    {
                        "name": "Zol Chest",
                        "map_locations": [
                            {
                                "map": "D3",
                                "x": 281,
                                "y": 684
                            }
                        ],
                        "sections": [
                            {
                                "item_count": 1,
                                "access_rules": ["sword1"]
                            }
                        ]
                    },
                    {
                        "name": "Map Chest",
                        "map_locations": [
                            {
                                "map": "D3",
                                "x": 409,
                                "y": 699
                            }
                        ],
                        "sections": [
                            {
                                "item_count": 1,
                                "access_rules": [
                                    "[D3SK:4], D3SK:1"
                                ]
                            }
                        ]
                    },
                    {
                        "name": "Kill the Stalfos and the Small Zol",
                        "map_locations": [
                            {
                                "map": "D3",
                                "x": 297,
                                "y": 555
                            }
                        ],
                        "sections": [
                            {
                                "item_count": 1,
                                "access_rules": ["boots"]
                            }
                        ]
                    },
                    {
                        "name": "Stone Beak Chest",
                        "map_locations": [
                            {
                                "map": "D3",
                                "x": 213,
                                "y": 443
                            }
                        ],
                        "sections": [
                            {
                                "item_count": 1,
                                "access_rules": [
                                    "[D3SK:4], D3SK:1"
                                ]
                            }
                        ]
                    },
                    {
                        "name": "West Ceiling Key",
                        "map_locations": [
                            {
                                "map": "D3",
                                "x": 680,
                                "y": 434
                            }
                        ],
                        "sections": [
                            {
                                "item_count": 1,
                                "access_rules": [
                                    "[D3SK:4], D3SK:1, $can_attack"
                                ],
                                "chest_opened_img": "images/smallKey.png",
                                "chest_unopened_img": "images/smallKeyD.png"
                            }
                        ]
                    },
                    {
                        "name": "South Ceiling Key",
                        "map_locations": [
                            {
                                "map": "D3",
                                "x": 839,
                                "y": 567
                            }
                        ],
                        "sections": [
                            {
                                "item_count": 1,
                                "access_rules": [
                                    "[D3SK:4], D3SK:1, $can_attack"
                                ],
                                "chest_opened_img": "images/smallKey.png",
                                "chest_unopened_img": "images/smallKeyD.png"
                            }
                        ]
                    },
                    {
                        "name": "Kill Zols",
                        "map_locations": [
                            {
                                "map": "D3",
                                "x": 362,
                                "y": 440
                            }
                        ],
                        "sections": [
                            {
                                "item_count": 1,
                                "access_rules": [
                                    "[D3SK:4], D3SK:1, $can_attack"
                                ],
                                "chest_opened_img": "images/smallKey.png",
                                "chest_unopened_img": "images/smallKeyD.png"
                            }
                        ]
                    },
                    {
                        "name": "Pairodd Ceiling Key",
                        "map_locations": [
                            {
                                "map": "D3",
                                "x": 39,
                                "y": 314
                            }
                        ],
                        "sections": [
                            {
                                "item_count": 1,
                                "access_rules": [
                                    "[D3SK:4], D3SK:1, $can_attack"
                                ],
                                "chest_opened_img": "images/smallKey.png",
                                "chest_unopened_img": "images/smallKeyD.png"
                            }
                        ]
                    },
                    {
                        "name": "West Ledge",
                        "map_locations": [
                            {
                                "map": "D3",
                                "x": 137,
                                "y": 170
                            }
                        ],
                        "sections": [
                            {
                                "item_count": 1,
                                "access_rules": [
                                    "[D3SK:4], D3SK:1, $can_attack"
                                ]
                            }
                        ]
                    },
                    {
                        "name": "Dodongo Snakes",
                        "map_locations": [
                            {
                                "map": "D3",
                                "x": 391,
                                "y": 172
                            }
                        ],
                        "sections": [
                            {
                                "item_count": 1,
                                "access_rules": [
                                    "[D3SK:4], D3SK:1, bombs"
                                ]
                            }
                        ]
                    },
                    {
                        "name": "East Ledge",
                        "map_locations": [
                            {
                                "map": "D3",
                                "x": 613,
                                "y": 158
                            }
                        ],
                        "sections": [
                            {
                                "item_count": 1,
                                "access_rules": [
                                    "[D3SK:4], D3SK:1, boots, feather, bombs"
                                ]
                            }
                        ]
                    },
                    {
                        "name": "Green Bombites",
                        "map_locations": [
                            {
                                "map": "D3",
                                "x": 391,
                                "y": 42
                            }
                        ],
                        "sections": [
                            {
                                "item_count": 1,
                                "access_rules": [
                                    "[D3SK:4], D3SK:1, sword1"
                                ]
                            }
                        ]
                    },
                    {
                        "name": "Red Bombites Ceiling Key",
                        "map_locations": [
                            {
                                "map": "D3",
                                "x": 200,
                                "y": 57
                            }
                        ],
                        "sections": [
                            {
                                "item_count": 1,
                                "access_rules": [
                                    "[D3SK:4], D3SK:1, bombs, sword1"
                                ],
                                "chest_opened_img": "images/smallKey.png",
                                "chest_unopened_img": "images/smallKeyD.png"
                            }
                        ]
                    },
                    {
                        "name": "Conveyor Keese Ceiling Key",
                        "map_locations": [
                            {
                                "map": "D3",
                                "x": 838,
                                "y": 950
                            }
                        ],
                        "sections": [
                            {
                                "item_count": 1,
                                "access_rules": [
                                    "[D3SK:8], D3SK:3, boots, feather, $can_attack"
                                ],
                                "chest_opened_img": "images/smallKey.png",
                                "chest_unopened_img": "images/smallKeyD.png"
                            }
                        ]
                    },
                    {
                        "name": "Slime Eye",
                        "map_locations": [
                            {
                                "map": "D3",
                                "x": 881,
                                "y": 827
                            }
                        ],
                        "sections": [
                            {
                                "item_count": 1,
                                "access_rules": [
                                    "[D3SK:8], D3SK:3, D3BK, boots, feather, $can_attack"
                                ],
                                "chest_opened_img": "images/heartContainerd.png",
                                "chest_unopened_img": "images/heartContainer.png"
                            }
                        ]
                    },
                    {
                        "name": "Sea Lily's Bell",
                        "map_locations": [
                            {
                                "map": "D3",
                                "x": 879,
                                "y": 681
                            }
                        ],
                        "sections": [
                            {
                                "hosted_item": "bell",
                                "access_rules": [
                                    "[D3SK:8], D3SK:3, D3BK, boots, feather, $can_attack"
                                ]
                            }
                        ]
                    }
                ]
            },
            {
                "name": "Level 4 - Angler's Tunnel - Advanced Tracking",
                "access_rules": [
                    "angler, lift1, flippers",
                    "angler, lift1, boots",
                    "angler, boots, feather, flippers"
                ],
                "children": [
                    {
                        "name": "East, then South of Entrance",
                        "map_locations": [
                            {
                                "map": "D4",
                                "x": 551,
                                "y": 841
                            }
                        ],
                        "sections": [
                            {
                                "item_count": 1
                            }
                        ]
                    },
                    {
                        "name": "East of Entrance",
                        "map_locations": [
                            {
                                "map": "D4",
                                "x": 582,
                                "y": 713
                            }
                        ],
                        "sections": [
                            {
                                "item_count": 1
                            }
                        ]
                    },
                    {
                        "name": "Stone Beak Chest",
                        "map_locations": [
                            {
                                "map": "D4",
                                "x": 711,
                                "y": 679
                            }
                        ],
                        "sections": [
                            {
                                "item_count": 1
                            }
                        ]
                    },
                    {
                        "name": "Map Chest",
                        "map_locations": [
                            {
                                "map": "D4",
                                "x": 665,
                                "y": 346
                            }
                        ],
                        "sections": [
                            {
                                "item_count": 1
                            }
                        ]
                    },
                    {
                        "name": "First Watery Chest",
                        "map_locations": [
                            {
                                "map": "D4",
                                "x": 919,
                                "y": 438
                            }
                        ],
                        "sections": [
                            {
                                "item_count": 1,
                                "access_rules": [
                                    "boots, feather, bomb"
                                ]
                            }
                        ]
                    },
                    {
                        "name": "Second Watery Chest",
                        "map_locations": [
                            {
                                "map": "D4",
                                "x": 888,
                                "y": 168
                            }
                        ],
                        "sections": [
                            {
                                "item_count": 1,
                                "access_rules": [
                                    "flippers, boots, feather",
                                    "boots, feather, bomb"
                                ]
                            }
                        ]
                    },
                    {
                        "name": "Lonely Chest",
                        "map_locations": [
                            {
                                "map": "D4",
                                "x": 678,
                                "y": 567
                            }
                        ],
                        "sections": [
                            {
                                "item_count": 1,
                                "access_rules": [
                                    "D4SK:2, flippers",
                                    "boots, feather, flippers"
                                ]
                            }
                        ]
                    },
                    {
                        "name": "Small Key in the Hole",
                        "map_locations": [
                            {
                                "map": "D4",
                                "x": 520,
                                "y": 312
                            },
                            {
                                "map": "D4",
                                "x": 759,
                                "y": 295
                            }
                        ],
                        "sections": [
                            {
                                "item_count": 1,
                                "access_rules": [
                                    "[D4SK:3], D4SK:1, boots, feather, $can_attack, flippers"
                                ],
                                "chest_opened_img": "images/smallKey.png",
                                "chest_unopened_img": "images/smallKeyD.png"
                            }
                        ]
                    },
                    {
                        "name": "South of the Sparkly Tiles",
                        "map_locations": [
                            {
                                "map": "D4",
                                "x": 358,
                                "y": 298
                            }
                        ],
                        "sections": [
                            {
                                "item_count": 1,
                                "access_rules": [
                                    "boots, feather, sword1, D4SK:2",
                                    "boots, feather, sword1, flippers, D4SK:4"
                                ]
                            }
                        ]
                    },
                    {
                        "name": "Zora's Flippers",
                        "map_locations": [
                            {
                                "map": "D4",
                                "x": 391,
                                "y": 41
                            }
                        ],
                        "sections": [
                            {
                                "item_count": 1,
                                "access_rules": [
                                    "boots, feather, sword1, D4SK:2",
                                    "boots, feather, sword1, flippers, D4SK:4"
                                ]
                            }
                        ]
                    },
                    {
                        "name": "Guarded by Hooded Stalfos",
                        "map_locations": [
                            {
                                "map": "D4",
                                "x": 263,
                                "y": 440
                            }
                        ],
                        "sections": [
                            {
                                "item_count": 1,
                                "access_rules": [
                                    "boots, feather, sword1, D4SK:4",
                                    "boots, feather, sword1, flippers, D4SK:2"
                                ]
                            }
                        ]
                    },
                    {
                        "name": "Ledge Chest",
                        "map_locations": [
                            {
                                "map": "D4",
                                "x": 200,
                                "y": 664
                            },
                            {
                                "map": "D4",
                                "x": 346,
                                "y": 406
                            }
                        ],
                        "sections": [
                            {
                                "item_count": 1,
                                "access_rules": [
                                    "boots, feather, sword1, D4SK:3",
                                    "boots, feather, sword1, [flippers], D4SK:5"
                                ]
                            }
                        ]
                    },
                    {
                        "name": "Angler Fish",
                        "map_locations": [
                            {
                                "map": "D4",
                                "x": 73,
                                "y": 327
                            }
                        ],
                        "sections": [
                            {
                                "item_count": 1,
                                "access_rules": [
                                    "boots, feather, sword1, D4SK:2, D4BK",
                                    "boots, feather, sword1, flippers, D4SK:4, D4BK"
                                ],
                                "chest_opened_img": "images/heartContainerd.png",
                                "chest_unopened_img": "images/heartContainer.png"
                            }
                        ]
                    },
                    {
                        "name": "Surf Harp",
                        "map_locations": [
                            {
                                "map": "D4",
                                "x": 81,
                                "y": 169
                            }
                        ],
                        "sections": [
                            {
                                "item_count": 1,
                                "access_rules": [
                                    "boots, feather, sword1, D4SK:2, D4BK",
                                    "boots, feather, sword1, flippers, D4SK:4, D4BK"
                                ],
                                "hosted_item": "harp"
                            }
                        ]
                    }
                ]
            },
            {
                "name": "Level 5 - Catfish's Maw - Advanced Tracking",
                "access_rules": [
                    "flippers, lift1",
                    "flippers, boots"

                ],
                "children": [
                    {
                        "name": "Hookshottable Chest Near Entrance",
                        "map_locations": [
                            {
                                "map": "D5",
                                "x": 920,
                                "y": 920
                            }
                        ],
                        "sections": [
                            {
                                "access_rules": [
                                    "hookshot"
                                ],
                                "item_count": 1
                            }
                        ]
                    },
                    {
                        "name": "Compass Chest",
                        "map_locations": [
                            {
                                "map": "D5",
                                "x": 599,
                                "y": 936
                            }
                        ],
                        "sections": [
                            {
                                "item_count": 1,
                                "access_rules": [
                                    "$can_attack"
                                ]
                            }
                        ]
                    },
                    {
                        "name": "Ceiling Key Near Round 4",
                        "map_locations": [
                            {
                                "map": "D5",
                                "x": 199,
                                "y": 58
                            }
                        ],
                        "sections": [
                            {
                                "item_count": 1,
                                "access_rules": [
                                    "feather, sword1"
                                ],
                                "chest_opened_img": "images/smallKey.png",
                                "chest_unopened_img": "images/smallKeyD.png"
                            }
                        ]
                    },
                    {
                        "name": "Stone Beak",
                        "map_locations": [
                            {
                                "map": "D5",
                                "x": 456,
                                "y": 809
                            }
                        ],
                        "sections": [
                            {
                                "item_count": 1,
                                "access_rules": [
                                    "D5SK:1, $can_attack"
                                ]
                            }
                        ]
                    },
                    {
                        "name": "Hookshot Over the Gaps",
                        "map_locations": [
                            {
                                "map": "D5",
                                "x": 215,
                                "y": 684
                            }
                        ],
                        "sections": [
                            {
                                "item_count": 1,
                                "access_rules": [
                                    "D5SK:1, hookshot"
                                ]
                            }
                        ]
                    },
                    {
                        "name": "Master Stalfos",
                        "map_locations": [
                            {
                                "map": "D5",
                                "x": 839,
                                "y": 551
                            }
                        ],
                        "sections": [
                            {
                                "item_count": 1,
                                "access_rules": [
                                    "D5SK:1, sword1, bombs"
                                ]
                            }
                        ]
                    },
                    {
                        "name": "Hookshot Chest 1",
                        "map_locations": [
                            {
                                "map": "D5",
                                "x": 920,
                                "y": 284
                            }
                        ],
                        "sections": [
                            {
                                "item_count": 1,
                                "access_rules": [
                                    "D5SK:1, hookshot, feather"
                                ]
                            }
                        ]
                    },
                    {
                        "name": "Hookshot Chest 2",
                        "map_locations": [
                            {
                                "map": "D5",
                                "x": 936,
                                "y": 153
                            }
                        ],
                        "sections": [
                            {
                                "item_count": 1,
                                "access_rules": [
                                    "D5SK:1, hookshot, feather"
                                ]
                            }
                        ]
                    },
                    {
                        "name": "Hookshot Chest 3",
                        "map_locations": [
                            {
                                "map": "D5",
                                "x": 1096,
                                "y": 314
                            }
                        ],
                        "sections": [
                            {
                                "item_count": 1,
                                "access_rules": [
                                    "D5SK:1, hookshot, feather"
                                ]
                            }
                        ]
                    },
                    {
                        "name": "Boss Key",
                        "map_locations": [
                            {
                                "map": "D5",
                                "x": 728,
                                "y": 326
                            },
                            {
                                "map": "D5",
                                "x": 520,
                                "y": 166
                            }
                        ],
                        "sections": [
                            {
                                "item_count": 1,
                                "access_rules": [
                                    "D5SK:1, flippers, hookshot"
                                ]
                            }
                        ]
                    },
                    {
                        "name": "Slime Eel",
                        "map_locations": [
                            {
                                "map": "D5",
                                "x": 400,
                                "y": 192
                            }
                        ],
                        "sections": [
                            {
                                "item_count": 1,
                                "access_rules": [
                                    "[D5SK:3], D5SK:1, hookshot"
                                ],
                                "chest_opened_img": "images/heartContainerd.png",
                                "chest_unopened_img": "images/heartContainer.png"
                            }
                        ]
                    },
                    {
                        "name": "Wind Marimba",
                        "map_locations": [
                            {
                                "map": "D5",
                                "x": 400,
                                "y": 38
                            }
                        ],
                        "sections": [
                            {
                                "hosted_item": "marimba",
                                "access_rules": [
                                    "[D5SK:3], D5SK:1, hookshot"
                                ]
                            }
                        ]
                    }
                ]
            },
            {
                "name": "Level 6 - Face Shrine - Advanced Tracking",
                "access_rules": ["hookshot, face, flippers, $can_leave_mabe"],
                "children": [
                    {
                        "name": "Kill the Wizzrobes",
                        "map_locations": [
                            {
                                "map": "D6",
                                "x": 440,
                                "y": 698
                            }
                        ],
                        "sections": [
                            {
                                "access_rules": [
                                    "$kill_wizz"
                                ],
                                "item_count": 1
                            }
                        ]
                    },
                    {
                        "name": "Lift the Elephant Statue from the South",
                        "map_locations": [
                            {
                                "map": "D6",
                                "x": 439,
                                "y": 555
                            }
                        ],
                        "sections": [
                            {
                                "access_rules": [
                                    "$kill_wizz, lift2"
                                ],
                                "item_count": 1
                            }
                        ]
                    },
                    {
                        "name": "Map Chest",
                        "map_locations": [
                            {
                                "map": "D6",
                                "x": 135,
                                "y": 426
                            }
                        ],
                        "sections": [
                            {
                                "access_rules": [
                                    "sword1, lift1, $kill_wizz",
                                    "bombs, lift1, $kill_wizz"
                                ],
                                "item_count": 1
                            }
                        ]
                    },
                    {
                        "name": "Stone Beak",
                        "map_locations": [
                            {
                                "map": "D6",
                                "x": 216,
                                "y": 283
                            }
                        ],
                        "sections": [
                            {
                                "access_rules": [
                                    "sword1, lift1, $kill_wizz",
                                    "bombs, lift1, $kill_wizz"
                                ],
                                "item_count": 1
                            }
                        ]
                    },
                    {
                        "name": "Compass Chest",
                        "map_locations": [
                            {
                                "map": "D6",
                                "x": 215,
                                "y": 202
                            }
                        ],
                        "sections": [
                            {
                                "access_rules": [
                                    "sword1, lift1, $kill_wizz",
                                    "bombs, lift1, $kill_wizz"
                                ],
                                "item_count": 1
                            }
                        ]
                    },
                    {
                        "name": "West Horsehead",
                        "map_locations": [
                            {
                                "map": "D6",
                                "x": 120,
                                "y": 42
                            }
                        ],
                        "sections": [
                            {
                                "access_rules": [
                                    "sword1, lift1, $kill_wizz",
                                    "bombs, lif11, $kill_wizz"
                                ],
                                "item_count": 1
                            }
                        ]
                    },
                    {
                        "name": "D6 Raft Minigame Island",
                        "map_locations": [
                            {
                                "map": "D6",
                                "x": 119,
                                "y": 10
                            },
                            {
                                "map": "worldmap",
                                "x": 2001,
                                "y": 840
                            }
                        ],
                        "sections": [
                            {
                                "access_rules": [
                                    "sword1, lift1, $kill_wizz",
                                    "bombs, lift1, $kill_wizz"
                                ],
                                "item_count": 1
                            }
                        ]
                    },
                    {
                        "name": "L-2 Power Bracelet",
                        "map_locations": [
                            {
                                "map": "D6",
                                "x": 184,
                                "y": 688
                            }
                        ],
                        "sections": [
                            {
                                "access_rules": [
                                    "$can_attack, bombs, $kill_wizz, feather"
                                ],
                                "item_count": 1
                            }
                        ]
                    },
                    {
                        "name": "North Ledge Crystal Blocks Ceiling Key",
                        "map_locations": [
                            {
                                "map": "D6",
                                "x": 520,
                                "y": 183
                            }
                        ],
                        "sections": [
                            {
                                "access_rules": [
                                    "$kill_wizz, lift1"
                                ],
                                "item_count": 1,
                                "chest_opened_img": "images/smallKey.png",
                                "chest_unopened_img": "images/smallKeyD.png"
                            }
                        ]
                    },
                    {
                        "name": "Blade Trap Ledge",
                        "map_locations": [
                            {
                                "map": "D6",
                                "x": 1096,
                                "y": 730
                            }
                        ],
                        "sections": [
                            {
                                "access_rules": [
                                    "lift2"
                                ],
                                "item_count": 1
                            }
                        ]
                    },
                    {
                        "name": "Moist Chest",
                        "map_locations": [
                            {
                                "map": "D6",
                                "x": 1064,
                                "y": 283
                            }
                        ],
                        "sections": [
                            {
                                "access_rules": [
                                    "lift2, $kill_wizz"
                                ],
                                "item_count": 1
                            }
                        ]
                    },
                    {
                        "name": "Tile Ceiling Key",
                        "map_locations": [
                            {
                                "map": "D6",
                                "x": 519,
                                "y": 437
                            }
                        ],
                        "sections": [
                            {
                                "access_rules": [
                                    "D6SK:1, bombs, lift2, feather"
                                ],
                                "item_count": 1,
                                "chest_opened_img": "images/smallKey.png",
                                "chest_unopened_img": "images/smallKeyD.png"
                            }
                        ]
                    },
                    {
                        "name": "East Horsehead",
                        "map_locations": [
                            {
                                "map": "D6",
                                "x": 1159,
                                "y": 39
                            }
                        ],
                        "sections": [
                            {
                                "access_rules": [
                                    "D6SK:1, bombs, lift2, feather, $kill_wizz",
                                    "D6SK:1, bombs, lift2, feather, ocarina, ballad"
                                ],
                                "item_count": 1
                            }
                        ]
                    },
                    {
                        "name": "Pot Chest",
                        "map_locations": [
                            {
                                "map": "D6",
                                "x": 1015,
                                "y": 168
                            }
                        ],
                        "sections": [
                            {
                                "access_rules": [
                                    "[D6SK:2], D6SK:1, bombs, lift2, feather, hookshot"
                                ],
                                "item_count": 1
                            }
                        ]
                    },
                    {
                        "name": "Facade",
                        "map_locations": [
                            {
                                "map": "D6",
                                "x": 719,
                                "y": 318
                            }
                        ],
                        "sections": [
                            {
                                "access_rules": [
                                    "[D6SK:2], D6SK:1, D6BK, bombs, lift2, feather, $kill_wizz"
                                ],
                                "item_count": 1,
                                "chest_opened_img": "images/heartContainerd.png",
                                "chest_unopened_img": "images/heartContainer.png"
                            }
                        ]
                    },
                    {
                        "name": "Coral Triangle",
                        "map_locations": [
                            {
                                "map": "D6",
                                "x": 719,
                                "y": 169
                            }
                        ],
                        "sections": [
                            {
                                "access_rules": [
                                    "[D6SK:2], D6SK:1, D6BK, bombs, lift2, feather, $kill_wizz"
                                ],
                                "hosted_item": "triangle"
                            }
                        ]
                    }
                ]
            },
            {
                "name": "Level 7 - Eagle's Tower - Advanced Tracking",
                "access_rules": [
                    "eagle, setting_overworldmods_on, hookshot, feather, hookshot",
                    "eagle, setting_overworldmods_on, angler, flippers, feather, hookshot",
                    "eagle, setting_overworldmods_off, boots, flippers, feather, hookshot"
                ],
                "children": [
                    {
                        "name": "Like Like Ceiling Key",
                        "map_locations": [
                            {
                                "map": "D7",
                                "x": 520,
                                "y": 951
                            }
                        ],
                        "sections": [
                            {
                                "access_rules": ["$can_attack"],
                                "item_count": 1,
                                "chest_opened_img": "images/smallKey.png",
                                "chest_unopened_img": "images/smallKeyD.png"
                            }
                        ]
                    },
                    {
                        "name": "Horseheads",
                        "map_locations": [
                            {
                                "map": "D7",
                                "x": 455,
                                "y": 42
                            }
                        ],
                        "sections": [
                            {
                                "access_rules": ["D7SK:1, lift1"],
                                "item_count": 1
                            }
                        ]
                    },
                    {
                        "name": "Stone Beak",
                        "map_locations": [
                            {
                                "map": "D7",
                                "x": 88,
                                "y": 809
                            }
                        ],
                        "sections": [
                            {
                                "access_rules": ["D7SK:1"],
                                "item_count": 1
                            }
                        ]
                    },
                    {
                        "name": "Mirror Shield",
                        "map_locations": [
                            {
                                "map": "D7",
                                "x": 536,
                                "y": 299
                            }
                        ],
                        "sections": [
                            {
                                "access_rules": ["D7SK:1"],
                                "item_count": 1
                            }
                        ]
                    },
                    {
                        "name": "Top-Left Corner",
                        "map_locations": [
                            {
                                "map": "D7",
                                "x": 22,
                                "y": 534
                            }
                        ],
                        "sections": [
                            {
                                "access_rules": ["D7SK:1"],
                                "item_count": 1
                            }
                        ]
                    },
                    {
                        "name": "Top-Right Corner",
                        "map_locations": [
                            {
                                "map": "D7",
                                "x": 616,
                                "y": 534
                            }
                        ],
                        "sections": [
                            {
                                "access_rules": ["D7SK:1"],
                                "item_count": 1
                            }
                        ]
                    },
                    {
                        "name": "Hookshottable Chest",
                        "map_locations": [
                            {
                                "map": "D7",
                                "x": 296,
                                "y": 426
                            }
                        ],
                        "sections": [
                            {
                                "name": "Kill the Three-of-a-Kind first",
                                "access_rules": ["D7SK:1, sword1, hookshot, bombs"],
                                "item_count": 1
                            }
                        ]
                    },
                    {
                        "name": "Hinox Ceiling Key",
                        "map_locations": [
                            {
                                "map": "D7",
                                "x": 38,
                                "y": 439
                            }
                        ],
                        "sections": [
                            {
                                "access_rules": ["D7SK:1, $can_attack"],
                                "item_count": 1,
                                "chest_opened_img": "images/smallKey.png",
                                "chest_unopened_img": "images/smallKeyD.png"
                            }
                        ]
                    },
                    {
                        "name": "Grim Creeper",
                        "map_locations": [
                            {
                                "map": "D7",
                                "x": 1255,
                                "y": 169
                            },
                            {
                                "map": "D7",
                                "x": 1255,
                                "y": 681
                            }
                        ],
                        "sections": [
                            {
                                "access_rules": ["D7SK:1, lift1, $can_attack"],
                                "item_count": 1
                            }
                        ]
                    },
                    {
                        "name": "Three-of-a-Kind",
                        "map_locations": [
                            {
                                "map": "D7",
                                "x": 296,
                                "y": 43
                            }
                        ],
                        "sections": [
                            {
                                "access_rules": ["D7SK:1, feather, sword1"],
                                "item_count": 1
                            }
                        ]
                    },
                    {
                        "name": "Conveyor Horseheads",
                        "map_locations": [
                            {
                                "map": "D7",
                                "x": 1095,
                                "y": 41
                            }
                        ],
                        "sections": [
                            {
                                "access_rules": ["[D7SK:3], D7SK:2, lift1, D7BK"],
                                "item_count": 1
                            }
                        ]
                    },
                    {
                        "name": "Evil Eagle",
                        "map_locations": [
                            {
                                "map": "D7",
                                "x": 984,
                                "y": 265
                            }
                        ],
                        "sections": [
                            {
                                "access_rules": [
                                    "D7BK, [D7SK:3], D7SK:2, mirror, feather, sword1",
                                    "D7BK, [D7SK:3], D7SK:2, rod"
                                ],
                                "item_count": 1,
                                "chest_opened_img": "images/heartContainerd.png",
                                "chest_unopened_img": "images/heartContainer.png"
                            }
                        ]
                    },
                    {
                        "name": "Organ of Evening Calm",
                        "map_locations": [
                            {
                                "map": "D7",
                                "x": 1039,
                                "y": 167
                            }
                        ],
                        "sections": [
                            {
                                "access_rules": [
                                    "D7BK, [D7SK:3], D7SK:2, mirror, feather, sword1",
                                    "D7BK, [D7SK:3], D7SK:2, rod"
                                ],
                                "hosted_item": "organ"
                            }
                        ]
                    }
                ]
            },
            {
                "name": "Level 8 - Eagle Rock - Advanced Tracking",
                "access_rules": [
                    //"setting_overworldmods_on, $west_tal, shield2, ocarina, soul",
                    //"setting_overworldmods_off, $west_tal, shield2, ocarina, soul",
                    //"setting_overworldmods_on, $west_tal, [ocarina],[soul], bombs, mirror",
                    //"setting_overworldmods_off, $west_tal, [ocarina],[soul], bombs, mirror",
                    //"setting_overworldmods_on, $west_tal, [shield2], boots, ocarina, soul",
                    //"setting_overworldmods_off, $west_tal, [shield2], boots, ocarina, soul",
                    //"setting_overworldmods_on, $west_tal, [shield2], [ocarina], [soul], bombs",
                    //"setting_overworldmods_off, $west_tal, [shield2], [ocarina],[soul], bombs"
                ],
                "children": [
                    {
                        "name": "West Directional Block",
                        "map_locations": [
                            {
                                "map": "D8",
                                "x": 295,
                                "y": 682
                            }
                        ],
                        "sections": [
                            {
                                "name": "Fill the Room",
                                "access_rules": [
                                    "$kill_vire, $can_attack"
                                ],
                                "item_count": 1
                            }
                        ]
                    },
                    {
                        "name": "Light Torches",
                        "map_locations": [
                            {
                                "map": "D8",
                                "x": 296,
                                "y": 554
                            }
                        ],
                        "sections": [
                            {
                                "name": "",
                                "access_rules": [
                                    "$kill_vire, $can_attack, rod"
                                ],
                                "item_count": 1
                            }
                        ]
                    },
                    {
                        "name": "Guarded by Sparks",
                        "map_locations": [
                            {
                                "map": "D8",
                                "x": 264,
                                "y": 809
                            }
                        ],
                        "sections": [
                            {
                                "name": "",
                                "access_rules": [
                                    "$kill_vire, $can_attack, feather"
                                ],
                                "item_count": 1
                            }
                        ]
                    },
                    {
                        "name": "Vire Ceiling Key",
                        "map_locations": [
                            {
                                "map": "D8",
                                "x": 39,
                                "y": 693
                            }
                        ],
                        "sections": [
                            {
                                "name": "",
                                "access_rules": [
                                    "$kill_vire, $can_attack"
                                ],
                                "item_count": 1,
                                "chest_opened_img": "images/smallKeyD.png",
                                "chest_unopened_img": "images/smallKey.png"
                            }
                        ]
                    },
                    {
                        "name": "South of Rolling Bones",
                        "map_locations": [
                            {
                                "map": "D8",
                                "x": 71,
                                "y": 954
                            }
                        ],
                        "sections": [
                            {
                                "name": "",
                                "access_rules": [
                                    "$can_attack, $kill_vire"
                                ],
                                "item_count": 1
                            }
                        ]
                    },
                    {
                        "name": "East of Pot Room",
                        "map_locations": [
                            {
                                "map": "D8",
                                "x": 872,
                                "y": 841
                            }
                        ],
                        "sections": [
                            {
                                "name": "",
                                "access_rules": [
                                    "$kill_vire, lift1"
                                ],
                                "item_count": 1
                            }
                        ]
                    },
                    {
                        "name": "Southwestern Directional Block Ceiling Key",
                        "map_locations": [
                            {
                                "map": "D8",
                                "x": 1000,
                                "y": 821
                            }
                        ],
                        "sections": [
                            {
                                "name": "Fill the Room",
                                "access_rules": [
                                    "$kill_vire, $can_attack, feather, lift1",
                                    "$kill_vire, $can_attack, boots, feather, [lift1]"
                                ],
                                "item_count": 1,
                                "chest_opened_img": "images/smallKeyD.png",
                                "chest_unopened_img": "images/smallKey.png"
                            }
                        ]
                    },
                    {
                        "name": "Guarded by Ropes",
                        "map_locations": [
                            {
                                "map": "D8",
                                "x": 1256,
                                "y": 937
                            }
                        ],
                        "sections": [
                            {
                                "name": "",
                                "access_rules": [
                                    "$kill_vire, $can_attack, feather, lift1",
                                    "$kill_vire, $can_attack, boots, feather, [lift1]"
                                ],
                                "item_count": 1
                            }
                        ]
                    },
                    {
                        "name": "Map Chest",
                        "map_locations": [
                            {
                                "map": "D8",
                                "x": 536,
                                "y": 682
                            }
                        ],
                        "sections": [
                            {
                                "name": "",
                                "access_rules": [
                                    "feather"
                                ],
                                "item_count": 1
                            }
                        ]
                    },
                    {
                        "name": "Shoot the Eye Statue Ceiling Key",
                        "map_locations": [
                            {
                                "map": "D8",
                                "x": 360,
                                "y": 440
                            }
                        ],
                        "sections": [
                            {
                                "name": "Shoot the Statue with your Bow",
                                "access_rules": [
                                    "bow, [D8SK:2], D8SK:1, feather",
                                    "bow, rod, feather"
                                ],
                                "item_count": 1,
                                "chest_opened_img": "images/smallKeyD.png",
                                "chest_unopened_img": "images/smallKey.png"
                            }
                        ]
                    },
                    {
                        "name": "West of Eye Statue",
                        "map_locations": [
                            {
                                "map": "D8",
                                "x": 265,
                                "y": 440
                            }
                        ],
                        "sections": [
                            {
                                "name": "",
                                "access_rules": [
                                    "[D8SK:2], D8SK:1, feather",
                                    "rod, feather"
                                ],
                                "item_count": 1
                            }
                        ]
                    },
                    {
                        "name": "Chest on Ledge",
                        "map_locations": [
                            {
                                "map": "D8",
                                "x": 456,
                                "y": 282
                            }
                        ],
                        "sections": [
                            {
                                "name": "",
                                "access_rules": [
                                    "[D8SK:2], D8SK:1, feather, hookshot",
                                    "rod, feather, hookshot"
                                ],
                                "item_count": 1
                            }
                        ]
                    },
                    {
                        "name": "Northwest of Dodongo Snakes",
                        "map_locations": [
                            {
                                "map": "D8",
                                "x": 696,
                                "y": 154
                            }
                        ],
                        "sections": [
                            {
                                "name": "",
                                "access_rules": [
                                    "[D8SK:2], D8SK:1, feather, hookshot",
                                    "rod, feather, hookshot"],
                                "item_count": 1
                            }
                        ]
                    },
                    {
                        "name": "Dodongo Snakes",
                        "map_locations": [
                            {
                                "map": "D8",
                                "x": 936,
                                "y": 298
                            }
                        ],
                        "sections": [
                            {
                                "name": "",
                                "access_rules": [
                                    "[D8SK:2], D8SK:1, feather, bombs",
                                    "rod, feather, bombs"],
                                "item_count": 1
                            }
                        ]
                    },
                    {
                        "name": "Gibdo Ceiling Key",
                        "map_locations": [
                            {
                                "map": "D8",
                                "x": 1000,
                                "y": 309
                            }
                        ],
                        "sections": [
                            {
                                "name": "",
                                "access_rules": [
                                    "[D8SK:2], D8SK:1, feather, $can_attack",
                                    "rod, feather, $can_attack"],
                                "item_count": 1,
                                "chest_opened_img": "images/smallKeyD.png",
                                "chest_unopened_img": "images/smallKey.png"
                            }
                        ]
                    },
                    {
                        "name": "D8 - Mountain Summit",
                        "map_locations": [
                            {
                                "map": "D8",
                                "x": 407,
                                "y": 264
                            },
                            {
                                "map": "worldmap",
                                "x": 72,
                                "y": 41
                            }
                        ],
                        "sections": [
                            {
                                "visibility_rules": ["setting_heartPiece_shuffle_on"],
                                "name": "",
                                "access_rules": [
                                    "[D8SK:2], D8SK:1, feather",
                                    "rod, feather"],
                                "item_count": 1,
                                "chest_opened_img": "images/heartPieceGrey.png",
                                "chest_unopened_img": "images/heartPiece.png"
                            }
                        ]
                    },
                    {
                        "name": "North of Cue Ball Directional Block",
                        "map_locations": [
                            {
                                "map": "D8",
                                "x": 136,
                                "y": 169
                            }
                        ],
                        "sections": [
                            {
                                "name": "Fill the Room",
                                "access_rules": [
                                    "[D8SK:3], D8SK:2, feather",
                                    "D8SK:1, rod, feather",
                                    "D8SK:1, [rod], sword1, feather"
                                ],
                                "item_count": 1
                            }
                        ]
                    },
                    {
                        "name": "Blaino",
                        "map_locations": [
                            {
                                "map": "D8",
                                "x": 1176,
                                "y": 154
                            }
                        ],
                        "sections": [
                            {
                                "name": "",
                                "access_rules": [
                                    "rod, bombs, $can_attack, D8SK:1, [D8SK:3]",
                                    "[bombs], #can_attack, D8SK:3, [D8SK:7]"
                                ],
                                "item_count": 1
                            }
                        ]
                    },
                    {
                        "name": "Hot Head",
                        "map_locations": [
                            {
                                "map": "D8",
                                "x": 560,
                                "y": 181
                            }
                        ],
                        "sections": [
                            {
                                "name": "",
                                "access_rules": [
                                    "D8BK, rod, feather"
                                ],
                                "item_count": 1,
                                "chest_opened_img": "images/heartContainerd.png",
                                "chest_unopened_img": "images/heartContainer.png"
                            }
                        ]
                    },
                    {
                        "name": "Thunder Drum",
                        "map_locations": [
                            {
                                "map": "D8",
                                "x": 560,
                                "y": 40
                            }
                        ],
                        "sections": [
                            {
                                "name": "",
                                "access_rules": ["D8BK, rod, feather"],
                                "hosted_item": "drum"
                            }
                        ]
                    }
                ]
            }
        ]
    }
]