[
    {
        "name": "Hey! Read me first!",
        "map_locations": [
            {
                "map": "worldmap",
                "x": 1296,
                "y": 1048
            }
        ],
        "sections": [
            {
                "hosted_item": "csnotif",
                "name": "This variant works better if you go to the Gear Icon -> Tracking -> Uncheck 'Pin Locations on Item Capture'"
            }
        ]
    },
    {
        "name": "Koholint Island Locations",
        "chest_opened_img": "images/CaveCheck.png",
        "chest_unopened_img": "images/cave.png",
        "color": "#00CC00",
        "children": [
            {
                "name": "The Wind Fish's Egg",
                "children": [
                    {
                        "name": "Wake the Wind Fish",
                        "map_locations": [
                            {
                                "map": "worldmap",
                                "x": 1060,
                                "y": 60
                            }
                        ],
                        "sections": [
                            {
                                "access_rules": [
                                    "$open_egg, $final_boss_fight, lift1, [ocarina], [ballad], bombs",
                                    "$open_egg, $final_boss_fight, lift1, ocarina, ballad"
                                ],
                                "hosted_item": "linkface",
                                "visibility_rules": ["csnotif"]
                            }
                        ]
                    }
                ]
            },
            {
                "name": "Top of D8 Left Side",
                "map_locations": [
                    {
                        "map": "worldmap",
                        "x": 72,
                        "y": 73
                    }
                ],
                "sections": [
                    {
                        "item_count": 1,
                        "capture_item": true,
                        "name": "If the path is a dead end, check it.  If not, mark it.",
                        "visibility_rules": ["csnotif"]
                    }
                ] 
            },
            {
                "name": "Top of D8 Right Side",
                "map_locations": [
                    {
                        "map": "worldmap",
                        "x": 381,
                        "y": 73
                    }
                ],
                "sections": [
                    {
                        "item_count": 1,
                        "capture_item": true,
                        "name": "If the path is a dead end, check it.  If not, mark it.",
                        "visibility_rules": ["csnotif"]
                    }
                ] 
            },
            {
                "name": "Top of West Tal Tal",
                "map_locations": [
                    {
                        "map": "worldmap",
                        "x": 559,
                        "y": 73
                    }
                ],
                "sections": [
                    {
                        "item_count": 1,
                        "capture_item": true,
                        "name": "If the path is a dead end, check it.  If not, mark it.",
                        "visibility_rules": ["csnotif"]
                    }
                ] 
            },
            {
                "name": "Under the Rock",
                "map_locations": [
                    {
                        "map": "worldmap",
                        "x": 753,
                        "y": 105
                    }
                ],
                "sections": [
                    {
                        "item_count": 1,
                        "capture_item": true,
                        "name": "If the path is a dead end, check it.  If not, mark it.",
                        "visibility_rules": ["csnotif"]
                    }
                ] 
            },
            {
                "name": "Path to West Tal Tal",
                "map_locations": [
                    {
                        "map": "worldmap",
                        "x": 1190,
                        "y": 73
                    }
                ],
                "sections": [
                    {
                        "item_count": 1,
                        "capture_item": true,
                        "name": "If the path is a dead end, check it.  If not, mark it.",
                        "visibility_rules": ["csnotif"]
                    }
                ] 
            },
            {
                "name": "Rooster Man's House",
                "map_locations": [
                    {
                        "map": "worldmap",
                        "x": 1692,
                        "y": 26
                    }
                ],
                "sections": [
                    {
                        "item_count": 1,
                        "capture_item": true,
                        "name": "If the path is a dead end, check it.  If not, mark it.",
                        "visibility_rules": ["csnotif"]
                    }
                ] 
            },
            {
                "name": "Near Papahl",
                "map_locations": [
                    {
                        "map": "worldmap",
                        "x": 1645,
                        "y": 104
                    }
                ],
                "sections": [
                    {
                        "item_count": 1,
                        "capture_item": true,
                        "name": "If the path is a dead end, check it.  If not, mark it.",
                        "visibility_rules": ["csnotif"]
                    }
                ] 
            },
            {
                "name": "Rooster Cave",
                "map_locations": [
                    {
                        "map": "worldmap",
                        "x": 1741,
                        "y": 104
                    }
                ],
                "sections": [
                    {
                        "item_count": 1,
                        "capture_item": true,
                        "name": "If the path is a dead end, check it.  If not, mark it.",
                        "visibility_rules": ["csnotif"]
                    }
                ] 
            },
            {
                "name": "Fall in a hole in the Rooster Cave",
                "map_locations": [
                    {
                        "map": "worldmap",
                        "x": 1732,
                        "y": 174
                    }
                ],
                "sections": [
                    {
                        "item_count": 1,
                        "capture_item": true,
                        "name": "You might have this cave turned off. Check your settings.",
                        "visibility_rules": ["csnotif"]
                    }
                ]
            },
            {
                "name": "Above the 5 Chest Game",
                "map_locations": [
                    {
                        "map": "worldmap",
                        "x": 2131,
                        "y": 104
                    }
                ],
                "sections": [
                    {
                        "item_count": 1,
                        "capture_item": true,
                        "name": "If the path is a dead end, check it.  If not, mark it.",
                        "visibility_rules": ["csnotif, setting_showRedundantCaves"]
                    }
                ] 
            },
            {
                "name": "Eagle's Tower",
                "map_locations": [
                    {
                        "map": "worldmap",
                        "x": 2357,
                        "y": 40
                    }
                ],
                "sections": [
                    {
                        "item_count": 1,
                        "capture_item": true,
                        "name": "If the path is a dead end, check it.  If not, mark it.",
                        "visibility_rules": ["csnotif"]
                    }
                ] 
            },
            {
                "name": "Near D7",
                "map_locations": [
                    {
                        "map": "worldmap",
                        "x": 2502,
                        "y": 74
                    }
                ],
                "sections": [
                    {
                        "item_count": 1,
                        "capture_item": true,
                        "name": "If the path is a dead end, check it.  If not, mark it.",
                        "visibility_rules": ["csnotif"]
                    }
                ] 
            },
            {
                "name": "Turtle Rock",
                "map_locations": [
                    {
                        "map": "worldmap",
                        "x": 89,
                        "y": 139
                    }
                ],
                "sections": [
                    {
                        "item_count": 1,
                        "capture_item": true,
                        "name": "If the path is a dead end, check it.  If not, mark it.",
                        "visibility_rules": ["csnotif"]
                    }
                ] 
            },
            {
                "name": "Telephone Booth near D8",
                "map_locations": [
                    {
                        "map": "worldmap",
                        "x": 267,
                        "y": 169
                    }
                ],
                "sections": [
                    {
                        "item_count": 1,
                        "capture_item": true,
                        "name": "If the path is a dead end, check it.  If not, mark it.",
                        "visibility_rules": ["csnotif"]
                    }
                ] 
            },
            {
                "name": "Cave Near Flamethrower",
                "map_locations": [
                    {
                        "map": "worldmap",
                        "x": 575,
                        "y": 138
                    }
                ],
                "sections": [
                    {
                        "item_count": 1,
                        "capture_item": true,
                        "name": "If the path is a dead end, check it.  If not, mark it.",
                        "visibility_rules": ["csnotif"]
                    }
                ] 
            },
            {
                "name": "Bottom of West Tal Tal",
                "map_locations": [
                    {
                        "map": "worldmap",
                        "x": 947,
                        "y": 186
                    }
                ],
                "sections": [
                    {
                        "item_count": 1,
                        "capture_item": true,
                        "name": "If the path is a dead end, check it.  If not, mark it.",
                        "visibility_rules": ["csnotif"]
                    }
                ] 
            },
            {
                "name": "Mountain Access",
                "map_locations": [
                    {
                        "map": "worldmap",
                        "x": 1191,
                        "y": 170
                    }
                ],
                "sections": [
                    {
                        "item_count": 1,
                        "capture_item": true,
                        "name": "If the path is a dead end, check it.  If not, mark it.",
                        "visibility_rules": ["csnotif"]
                    }
                ] 
            },
            {
                "name": "Central Tal Tal Left Cave",
                "map_locations": [
                    {
                        "map": "worldmap",
                        "x": 1370,
                        "y": 137
                    }
                ],
                "sections": [
                    {
                        "item_count": 1,
                        "capture_item": true,
                        "name": "If the path is a dead end, check it.  If not, mark it.",
                        "visibility_rules": ["csnotif, setting_showRedundantCaves"],
                        "access_rules": "debugFlag"
                    }
                ] 
            },
            {
                "name": "Central Tal Tal Right Cave",
                "map_locations": [
                    {
                        "map": "worldmap",
                        "x": 1431,
                        "y": 137
                    }
                ],
                "sections": [
                    {
                        "item_count": 1,
                        "capture_item": true,
                        "name": "If the path is a dead end, check it.  If not, mark it.",
                        "visibility_rules": ["csnotif"]
                    }
                ] 
            },
            {
                "name": "Path to Papahl",
                "map_locations": [
                    {
                        "map": "worldmap",
                        "x": 1594,
                        "y": 187
                    }
                ],
                "sections": [
                    {
                        "item_count": 1,
                        "capture_item": true,
                        "name": "If the path is a dead end, check it.  If not, mark it.",
                        "visibility_rules": ["csnotif"]
                    }
                ] 
            },
            {
                "name": "Before 5 Chest Game",
                "map_locations": [
                    {
                        "map": "worldmap",
                        "x": 2131,
                        "y": 169
                    }
                ],
                "sections": [
                    {
                        "item_count": 1,
                        "capture_item": true,
                        "name": "If the path is a dead end, check it.  If not, mark it.",
                        "visibility_rules": ["csnotif"]
                    }
                ] 
            },
            {
                "name": "After 5 Chest Game",
                "map_locations": [
                    {
                        "map": "worldmap",
                        "x": 2226,
                        "y": 202
                    }
                ],
                "sections": [
                    {
                        "item_count": 1,
                        "capture_item": true,
                        "name": "If the path is a dead end, check it.  If not, mark it.",
                        "visibility_rules": ["csnotif"]
                    }
                ] 
            },
            {
                "name": "Up the Stairs",
                "map_locations": [
                    {
                        "map": "worldmap",
                        "x": 2324,
                        "y": 138
                    }
                ],
                "sections": [
                    {
                        "item_count": 1,
                        "capture_item": true,
                        "name": "If the path is a dead end, check it.  If not, mark it.",
                        "visibility_rules": ["csnotif"]
                    }
                ] 
            },
            {
                "name": "East Tal Tal Left Cave",
                "map_locations": [
                    {
                        "map": "worldmap",
                        "x": 2389,
                        "y": 138
                    }
                ],
                "sections": [
                    {
                        "item_count": 1,
                        "capture_item": true,
                        "name": "If the path is a dead end, check it.  If not, mark it.",
                        "visibility_rules": ["csnotif"]
                    }
                ] 
            },
            {
                "name": "East Tal Tal Right Cave",
                "map_locations": [
                    {
                        "map": "worldmap",
                        "x": 2471,
                        "y": 138
                    }
                ],
                "sections": [
                    {
                        "item_count": 1,
                        "capture_item": true,
                        "name": "If the path is a dead end, check it.  If not, mark it.",
                        "visibility_rules": ["csnotif"]
                    }
                ] 
            },
            {
                "name": "Great Fairy Cave Near D7",
                "map_locations": [
                    {
                        "map": "worldmap",
                        "x": 2487,
                        "y": 213
                    }
                ],
                "sections": [
                    {
                        "item_count": 1,
                        "capture_item": true,
                        "name": "If the path is a dead end, check it.  If not, mark it.",
                        "visibility_rules": ["csnotif"]
                    }
                ] 
            },
            {
                "name": "I'm running out of unique names for these caves",
                "map_locations": [
                    {
                        "map": "worldmap",
                        "x": 2539,
                        "y": 195
                    }
                ],
                "sections": [
                    {
                        "item_count": 1,
                        "capture_item": true,
                        "name": "If the path is a dead end, check it.  If not, mark it.",
                        "visibility_rules": ["csnotif"]
                    }
                ] 
            },
            {
                "name": "Path to D7",
                "map_locations": [
                    {
                        "map": "worldmap",
                        "x": 2551,
                        "y": 138
                    }
                ],
                "sections": [
                    {
                        "item_count": 1,
                        "capture_item": true,
                        "name": "If the path is a dead end, check it.  If not, mark it.",
                        "visibility_rules": ["csnotif"]
                    }
                ] 
            },
            {
                "name": "Remote Cave Left Side",
                "map_locations": [
                    {
                        "map": "worldmap",
                        "x": 106,
                        "y": 299
                    }
                ],
                "sections": [
                    {
                        "item_count": 1,
                        "capture_item": true,
                        "name": "If the path is a dead end, check it.  If not, mark it.",
                        "visibility_rules": ["csnotif"]
                    }
                ] 
            },
            {
                "name": "Remote Cave Right Side",
                "map_locations": [
                    {
                        "map": "worldmap",
                        "x": 187,
                        "y": 299
                    }
                ],
                "sections": [
                    {
                        "item_count": 1,
                        "capture_item": true,
                        "name": "If the path is a dead end, check it.  If not, mark it.",
                        "visibility_rules": ["csnotif"]
                    }
                ] 
            },
            {
                "name": "Bottle Grotto",
                "map_locations": [
                    {
                        "map": "worldmap",
                        "x": 704,
                        "y": 284
                    }
                ],
                "sections": [
                    {
                        "item_count": 1,
                        "capture_item": true,
                        "name": "If the path is a dead end, check it.  If not, mark it.",
                        "visibility_rules": ["csnotif"]
                    }
                ] 
            },
            {
                "name": "Manbo's Cave",
                "map_locations": [
                    {
                        "map": "worldmap",
                        "x": 1724,
                        "y": 301
                    }
                ],
                "sections": [
                    {
                        "item_count": 1,
                        "capture_item": true,
                        "name": "If the path is a dead end, check it.  If not, mark it.",
                        "visibility_rules": ["csnotif"]
                    }
                ] 
            },
            {
                "name": "Angler's Tunnel",
                "map_locations": [
                    {
                        "map": "worldmap",
                        "x": 1834,
                        "y": 285
                    }
                ],
                "sections": [
                    {
                        "item_count": 1,
                        "capture_item": true,
                        "name": "If the path is a dead end, check it.  If not, mark it.",
                        "visibility_rules": ["csnotif"]
                    }
                ] 
            },
            {
                "name": "Staircase Out of D4",
                "map_locations": [
                    {
                        "map": "worldmap",
                        "x": 1910,
                        "y": 301
                    }
                ],
                "sections": [
                    {
                        "item_count": 1,
                        "capture_item": true,
                        "name": "If the path is a dead end, check it.  If not, mark it.",
                        "visibility_rules": ["csnotif, setting_showRedundantCaves"]
                    }
                ] 
            },
            {
                "name": "Cave Near Angler Keyhole",
                "map_locations": [
                    {
                        "map": "worldmap",
                        "x": 2194,
                        "y": 333
                    }
                ],
                "sections": [
                    {
                        "item_count": 1,
                        "capture_item": true,
                        "name": "If the path is a dead end, check it.  If not, mark it.",
                        "visibility_rules": ["csnotif"]
                    }
                ] 
            },
            {
                "name": "Damp Cave",
                "map_locations": [
                    {
                        "map": "worldmap",
                        "x": 2357,
                        "y": 284
                    }
                ],
                "sections": [
                    {
                        "item_count": 1,
                        "capture_item": true,
                        "name": "If the path is a dead end, check it.  If not, mark it.",
                        "visibility_rules": ["csnotif, setting_showRedundantCaves"]
                    }
                ] 
            },
            {
                "name": "North of Raft Minigame Hut",
                "map_locations": [
                    {
                        "map": "worldmap",
                        "x": 2454,
                        "y": 365
                    }
                ],
                "sections": [
                    {
                        "item_count": 1,
                        "capture_item": true,
                        "name": "If the path is a dead end, check it.  If not, mark it.",
                        "visibility_rules": ["csnotif"]
                    }
                ] 
            },
            {
                "name": "Mr. Wright's House",
                "map_locations": [
                    {
                        "map": "worldmap",
                        "x": 120,
                        "y": 433
                    }
                ],
                "sections": [
                    {
                        "item_count": 1,
                        "capture_item": true,
                        "name": "If the path is a dead end, check it.  If not, mark it.",
                        "visibility_rules": ["csnotif"]
                    }
                ] 
            },
            {
                "name": "Swamp Telephone Booth",
                "map_locations": [
                    {
                        "map": "worldmap",
                        "x": 266,
                        "y": 462
                    }
                ],
                "sections": [
                    {
                        "item_count": 1,
                        "capture_item": true,
                        "name": "If the path is a dead end, check it.  If not, mark it.",
                        "visibility_rules": ["csnotif"]
                    }
                ] 
            },
            {
                "name": "Moblin's Cave",
                "map_locations": [
                    {
                        "map": "worldmap",
                        "x": 915,
                        "y": 462
                    }
                ],
                "sections": [
                    {
                        "item_count": 1,
                        "capture_item": true,
                        "name": "If the path is a dead end, check it.  If not, mark it.",
                        "visibility_rules": ["csnotif"]
                    }
                ] 
            },
            {
                "name": "Camera Shop",
                "map_locations": [
                    {
                        "map": "worldmap",
                        "x": 1207,
                        "y": 448
                    }
                ],
                "sections": [
                    {
                        "item_count": 1,
                        "capture_item": true,
                        "name": "If the path is a dead end, check it.  If not, mark it.",
                        "visibility_rules": ["csnotif"]
                    }
                ] 
            },
            {
                "name": "Beta Cave",
                "map_locations": [
                    {
                        "map": "worldmap",
                        "x": 1384,
                        "y": 415
                    }
                ],
                "sections": [
                    {
                        "name": "You might have this cave turned off. Check your settings.",
                        "visibility_rules": ["csnotif"],
                        "item_count": 1,
                        "capture_item": true
                    }
                ] 
            },
            {
                "name": "Raft Minigame Hut",
                "map_locations": [
                    {
                        "map": "worldmap",
                        "x": 2470,
                        "y": 417
                    }
                ],
                "sections": [
                    {
                        "item_count": 1,
                        "capture_item": true,
                        "name": "If the path is a dead end, check it.  If not, mark it.",
                        "visibility_rules": ["csnotif, setting_showRedundantCaves"]
                    }
                ]
            },
            {
                "name": "Mysterious Woods Northern Cave",
                "map_locations": [
                    {
                        "map": "worldmap",
                        "x": 380,
                        "y": 575
                    }
                ],
                "sections": [
                    {
                        "item_count": 1,
                        "capture_item": true,
                        "name": "If the path is a dead end, check it.  If not, mark it.",
                        "visibility_rules": ["csnotif"]
                    }
                ] 
            },
            {
                "name": "Crazy Tracy's Hut",
                "map_locations": [
                    {
                        "map": "worldmap",
                        "x": 945,
                        "y": 577
                    }
                ],
                "sections": [
                    {
                        "item_count": 1,
                        "capture_item": true,
                        "name": "If the path is a dead end, check it.  If not, mark it.",
                        "visibility_rules": ["csnotif"]
                    }
                ] 
            },
            {
                "name": "Kanalet Castle Back Door",
                "map_locations": [
                    {
                        "map": "worldmap",
                        "x": 1562,
                        "y": 592
                    }
                ],
                "sections": [
                    {
                        "item_count": 1,
                        "capture_item": true,
                        "name": "If the path is a dead end, check it.  If not, mark it.",
                        "visibility_rules": ["csnotif"]
                    }
                ] 
            },
            {
                "name": "Outside Kanalet Castle Back Door",
                "map_locations": [
                    {
                        "map": "worldmap",
                        "x": 1756,
                        "y": 560
                    }
                ],
                "sections": [
                    {
                        "item_count": 1,
                        "capture_item": true,
                        "name": "If the path is a dead end, check it.  If not, mark it.",
                        "visibility_rules": ["csnotif"]
                    }
                ] 
            },
            {
                "name": "Kanalet Castle Telephone Booth",
                "map_locations": [
                    {
                        "map": "worldmap",
                        "x": 1855,
                        "y": 546
                    }
                ],
                "sections": [
                    {
                        "item_count": 1,
                        "capture_item": true,
                        "name": "If the path is a dead end, check it.  If not, mark it.",
                        "visibility_rules": ["csnotif"]
                    }
                ] 
            },
            {
                "name": "Mysterious Woods Western Cave",
                "map_locations": [
                    {
                        "map": "worldmap",
                        "x": 136,
                        "y": 686
                    }
                ],
                "sections": [
                    {
                        "item_count": 1,
                        "capture_item": true,
                        "name": "If the path is a dead end, check it.  If not, mark it.",
                        "visibility_rules": ["csnotif"]
                    }
                ] 
            },
            {
                "name": "Under the Rock in Mysterious Woods",
                "map_locations": [
                    {
                        "map": "worldmap",
                        "x": 445,
                        "y": 691
                    }
                ],
                "sections": [
                    {
                        "item_count": 1,
                        "capture_item": true,
                        "name": "If the path is a dead end, check it.  If not, mark it.",
                        "visibility_rules": ["csnotif"]
                    }
                ] 
            },
            {
                "name": "Top of the Castle Left Entrance",
                "map_locations": [
                    {
                        "map": "worldmap",
                        "x": 1483,
                        "y": 689
                    }
                ],
                "sections": [
                    {
                        "item_count": 1,
                        "capture_item": true,
                        "name": "If the path is a dead end, check it.  If not, mark it.",
                        "visibility_rules": ["csnotif"]
                    }
                ] 
            },
            {
                "name": "Top of the Castle Central Entrance",
                "map_locations": [
                    {
                        "map": "worldmap",
                        "x": 1546,
                        "y": 706
                    }
                ],
                "sections": [
                    {
                        "item_count": 1,
                        "capture_item": true,
                        "name": "If the path is a dead end, check it.  If not, mark it.",
                        "visibility_rules": ["csnotif"]
                    }
                ] 
            },
            {
                "name": "Mysterious Woods Southern Cave",
                "map_locations": [
                    {
                        "map": "worldmap",
                        "x": 444,
                        "y": 833
                    }
                ],
                "sections": [
                    {
                        "item_count": 1,
                        "capture_item": true,
                        "name": "If the path is a dead end, check it.  If not, mark it.",
                        "visibility_rules": ["csnotif"]
                    }
                ] 
            },
            {
                "name": "Witch's Hut",
                "map_locations": [
                    {
                        "map": "worldmap",
                        "x": 882,
                        "y": 822
                    }
                ],
                "sections": [
                    {
                        "item_count": 1,
                        "capture_item": true,
                        "name": "If the path is a dead end, check it.  If not, mark it.",
                        "visibility_rules": ["csnotif"]
                    }
                ] 
            },
            {
                "name": "Kanalet Castle Front Door",
                "map_locations": [
                    {
                        "map": "worldmap",
                        "x": 1546,
                        "y": 835
                    }
                ],
                "sections": [
                    {
                        "item_count": 1,
                        "capture_item": true,
                        "name": "If the path is a dead end, check it.  If not, mark it.",
                        "visibility_rules": ["csnotif"]
                    }
                ] 
            },
            {
                "name": "Raft Minigame Chest",
                "map_locations": [
                    {
                        "map": "worldmap",
                        "x": 2017,
                        "y": 836
                    }
                ],
                "sections": [
                    {
                        "item_count": 1,
                        "capture_item": true,
                        "name": "If the path is a dead end, check it.  If not, mark it.",
                        "visibility_rules": ["csnotif, setting_showRedundantCaves"]
                    }
                ]
            },
            {
                "name": "West Graveyard Staircase",
                "map_locations": [
                    {
                        "map": "worldmap",
                        "x": 866,
                        "y": 966
                    }
                ],
                "sections": [
                    {
                        "item_count": 1,
                        "capture_item": true,
                        "name": "If the path is a dead end, check it.  If not, mark it.",
                        "visibility_rules": ["csnotif"]
                    }
                ] 
            },
            {
                "name": "Color Dungeon",
                "map_locations": [
                    {
                        "map": "worldmap",
                        "x": 1254,
                        "y": 935
                    }
                ],
                "sections": [
                    {
                        "item_count": 1,
                        "capture_item": true,
                        "name": "If the path is a dead end, check it.  If not, mark it.",
                        "visibility_rules": ["csnotif"]
                    }
                ] 
            },
            {
                "name": "East Graveyard Staircase",
                "map_locations": [
                    {
                        "map": "worldmap",
                        "x": 1076,
                        "y": 966
                    }
                ],
                "sections": [
                    {
                        "item_count": 1,
                        "capture_item": true,
                        "name": "If the path is a dead end, check it.  If not, mark it.",
                        "visibility_rules": ["csnotif"]
                    }
                ] 
            },
            {
                "name": "Kanalet Castle cave past the holes",
                "map_locations": [
                    {
                        "map": "worldmap",
                        "x": 1337,
                        "y": 1015
                    }
                ],
                "sections": [
                    {
                        "item_count": 1,
                        "capture_item": true,
                        "name": "If the path is a dead end, check it.  If not, mark it.",
                        "visibility_rules": ["csnotif"]
                    }
                ] 
            },
            {
                "name": "Quadruplet's House - Left Side",
                "map_locations": [
                    {
                        "map": "worldmap",
                        "x": 382,
                        "y": 1113
                    }
                ],
                "sections": [
                    {
                        "item_count": 1,
                        "capture_item": true,
                        "name": "If the path is a dead end, check it.  If not, mark it.",
                        "visibility_rules": ["csnotif"]
                    }
                ] 
            },
            {
                "name": "Quadruplet's House - Right Side",
                "map_locations": [
                    {
                        "map": "worldmap",
                        "x": 445,
                        "y": 1113
                    }
                ],
                "sections": [
                    {
                        "item_count": 1,
                        "capture_item": true,
                        "name": "If the path is a dead end, check it.  If not, mark it.",
                        "visibility_rules": ["csnotif"]
                    }
                ] 
            },
            {
                "name": "Dream Shrine",
                "map_locations": [
                    {
                        "map": "worldmap",
                        "x": 526,
                        "y": 1098
                    }
                ],
                "sections": [
                    {
                        "item_count": 1,
                        "capture_item": true,
                        "name": "If the path is a dead end, check it.  If not, mark it.",
                        "visibility_rules": ["csnotif"]
                    }
                ] 
            },
            {
                "name": "East of Town Cave",
                "map_locations": [
                    {
                        "map": "worldmap",
                        "x": 800,
                        "y": 1128
                    }
                ],
                "sections": [
                    {
                        "item_count": 1,
                        "capture_item": true,
                        "name": "If the path is a dead end, check it.  If not, mark it.",
                        "visibility_rules": ["csnotif"]
                    }
                ] 
            },
            {
                "name": "Boots 'n' Bomb Cave",
                "map_locations": [
                    {
                        "map": "worldmap",
                        "x": 996,
                        "y": 1096
                    }
                ],
                "sections": [
                    {
                        "item_count": 1,
                        "capture_item": true,
                        "name": "If the path is a dead end, check it.  If not, mark it.",
                        "visibility_rules": ["csnotif"]
                    }
                ] 
            },
            {
                "name": "Great Fairy Near Town",
                "map_locations": [
                    {
                        "map": "worldmap",
                        "x": 1174,
                        "y": 1047
                    }
                ],
                "sections": [
                    {
                        "item_count": 1,
                        "capture_item": true,
                        "name": "If the path is a dead end, check it.  If not, mark it.",
                        "visibility_rules": ["csnotif"]
                    }
                ] 
            },
            {
                "name": "Telephone Booth in Central Koholint",
                "map_locations": [
                    {
                        "map": "worldmap",
                        "x": 1384,
                        "y": 1111
                    }
                ],
                "sections": [
                    {
                        "item_count": 1,
                        "capture_item": true,
                        "name": "If the path is a dead end, check it.  If not, mark it.",
                        "visibility_rules": ["csnotif"]
                    }
                ] 
            },
            {
                "name": "Seashell Mansion",
                "map_locations": [
                    {
                        "map": "worldmap",
                        "x": 1708,
                        "y": 1096
                    }
                ],
                "sections": [
                    {
                        "item_count": 1,
                        "capture_item": true,
                        "name": "If the path is a dead end, check it.  If not, mark it.",
                        "visibility_rules": ["csnotif"]
                    }
                ] 
            },
            {
                "name": "Face Shrine",
                "map_locations": [
                    {
                        "map": "worldmap",
                        "x": 2001,
                        "y": 1094
                    }
                ],
                "sections": [
                    {
                        "item_count": 1,
                        "capture_item": true,
                        "name": "If the path is a dead end, check it.  If not, mark it.",
                        "visibility_rules": ["csnotif"]
                    }
                ] 
            },
            {
                "name": "Great Fairy Near D6",
                "map_locations": [
                    {
                        "map": "worldmap",
                        "x": 2162,
                        "y": 1063
                    }
                ],
                "sections": [
                    {
                        "item_count": 1,
                        "capture_item": true,
                        "name": "If the path is a dead end, check it.  If not, mark it.",
                        "visibility_rules": ["csnotif"]
                    }
                ] 
            },
            {
                "name": "Cave Near Waterfall",
                "map_locations": [
                    {
                        "map": "worldmap",
                        "x": 2438,
                        "y": 1065
                    }
                ],
                "sections": [
                    {
                        "item_count": 1,
                        "capture_item": true,
                        "name": "If the path is a dead end, check it.  If not, mark it.",
                        "visibility_rules": ["csnotif"]
                    }
                ] 
            },
            {
                "name": "Weathercock",
                "map_locations": [
                    {
                        "map": "worldmap",
                        "x": 412,
                        "y": 1243
                    }
                ],
                "sections": [
                    {
                        "item_count": 1,
                        "capture_item": true,
                        "name": "If the path is a dead end, check it.  If not, mark it.",
                        "visibility_rules": ["csnotif"]
                    }
                ] 
            },
            {
                "name": "Town Tool Shop",
                "map_locations": [
                    {
                        "map": "worldmap",
                        "x": 559,
                        "y": 1260
                    }
                ],
                "sections": [
                    {
                        "item_count": 1,
                        "capture_item": true,
                        "name": "If the path is a dead end, check it.  If not, mark it.",
                        "visibility_rules": ["csnotif"]
                    }
                ] 
            },
            {
                "name": "Cave near D6",
                "map_locations": [
                    {
                        "map": "worldmap",
                        "x": 2033,
                        "y": 1180
                    }
                ],
                "sections": [
                    {
                        "item_count": 1,
                        "capture_item": true,
                        "name": "If the path is a dead end, check it.  If not, mark it.",
                        "visibility_rules": ["csnotif"]
                    }
                ] 
            },
            {
                "name": "Armos Island",
                "map_locations": [
                    {
                        "map": "worldmap",
                        "x": 2146,
                        "y": 1211
                    }
                ],
                "sections": [
                    {
                        "item_count": 1,
                        "capture_item": true,
                        "name": "If the path is a dead end, check it.  If not, mark it.",
                        "visibility_rules": ["csnotif"]
                    }
                ] 
            },
            {
                "name": "Drop into the Well",
                "map_locations": [
                    {
                        "map": "worldmap",
                        "x": 88,
                        "y": 1388
                    }
                ],
                "sections": [
                    {
                        "item_count": 1,
                        "capture_item": true,
                        "name": "If the path is a dead end, check it.  If not, mark it.",
                        "visibility_rules": ["csnotif"]
                    }
                ] 
            },
            {
                "name": "Madam MeowMeow's House",
                "map_locations": [
                    {
                        "map": "worldmap",
                        "x": 193,
                        "y": 1357
                    }
                ],
                "sections": [
                    {
                        "item_count": 1,
                        "capture_item": true,
                        "name": "If the path is a dead end, check it.  If not, mark it.",
                        "visibility_rules": ["csnotif"]
                    }
                ] 
            },
            {
                "name": "Totally Stable and Normal Doghouse",
                "map_locations": [
                    {
                        "map": "worldmap",
                        "x": 270,
                        "y": 1357
                    }
                ],
                "sections": [
                    {
                        "item_count": 1,
                        "capture_item": true,
                        "name": "If the path is a dead end, check it.  If not, mark it.",
                        "visibility_rules": ["csnotif"]
                    }
                ] 
            },
            {
                "name": "Marin and Tarin's House",
                "map_locations": [
                    {
                        "map": "worldmap",
                        "x": 412,
                        "y": 1374
                    }
                ],
                "sections": [
                    {
                        "item_count": 1,
                        "capture_item": true,
                        "name": "If the path is a dead end, check it.  If not, mark it.",
                        "visibility_rules": ["csnotif"]
                    }
                ] 
            },
            {
                "name": "Telephone Booth near Town",
                "map_locations": [
                    {
                        "map": "worldmap",
                        "x": 705,
                        "y": 1357
                    }
                ],
                "sections": [
                    {
                        "item_count": 1,
                        "capture_item": true,
                        "name": "If the path is a dead end, check it.  If not, mark it.",
                        "visibility_rules": ["csnotif"]
                    }
                ] 
            },
            {
                "name": "Staircase West of the River",
                "map_locations": [
                    {
                        "map": "worldmap",
                        "x": 1756,
                        "y": 1373
                    }
                ],
                "sections": [
                    {
                        "item_count": 1,
                        "capture_item": true,
                        "name": "If the path is a dead end, check it.  If not, mark it.",
                        "visibility_rules": ["csnotif"]
                    }
                ] 
            },
            {
                "name": "Staircase East of the River",
                "map_locations": [
                    {
                        "map": "worldmap",
                        "x": 1901,
                        "y": 1372
                    }
                ],
                "sections": [
                    {
                        "item_count": 1,
                        "capture_item": true,
                        "name": "If the path is a dead end, check it.  If not, mark it.",
                        "visibility_rules": ["csnotif"]
                    }
                ] 
            },
            {
                "name": "Southern Shrine",
                "map_locations": [
                    {
                        "map": "worldmap",
                        "x": 2032,
                        "y": 1352
                    }
                ],
                "sections": [
                    {
                        "item_count": 1,
                        "capture_item": true,
                        "name": "If the path is a dead end, check it.  If not, mark it.",
                        "visibility_rules": ["csnotif"]
                    }
                ] 
            },
            {
                "name": "Under a Certain Armos",
                "map_locations": [
                    {
                        "map": "worldmap",
                        "x": 2340,
                        "y": 1387
                    }
                ],
                "sections": [
                    {
                        "item_count": 1,
                        "capture_item": true,
                        "name": "If the path is a dead end, check it.  If not, mark it.",
                        "visibility_rules": ["csnotif"]
                    }
                ] 
            },
            {
                "name": "Town Library",
                "map_locations": [
                    {
                        "map": "worldmap",
                        "x": 56,
                        "y": 1472
                    }
                ],
                "sections": [
                    {
                        "item_count": 1,
                        "capture_item": true,
                        "name": "If the path is a dead end, check it.  If not, mark it.",
                        "visibility_rules": ["csnotif"]
                    }
                ] 
            },
            {
                "name": "Ulira's House",
                "map_locations": [
                    {
                        "map": "worldmap",
                        "x": 234,
                        "y": 1519
                    }
                ],
                "sections": [
                    {
                        "item_count": 1,
                        "capture_item": true,
                        "name": "If the path is a dead end, check it.  If not, mark it.",
                        "visibility_rules": ["csnotif"]
                    }
                ] 
            },
            {
                "name": "Telephone Booth in Town",
                "map_locations": [
                    {
                        "map": "worldmap",
                        "x": 413,
                        "y": 1502
                    }
                ],
                "sections": [
                    {
                        "item_count": 1,
                        "capture_item": true,
                        "name": "If the path is a dead end, check it.  If not, mark it.",
                        "visibility_rules": ["csnotif"]
                    }
                ] 
            },
            {
                "name": "Trendy Game",
                "map_locations": [
                    {
                        "map": "worldmap",
                        "x": 574,
                        "y": 1504
                    }
                ],
                "sections": [
                    {
                        "item_count": 1,
                        "capture_item": true,
                        "name": "If the path is a dead end, check it.  If not, mark it.",
                        "visibility_rules": ["csnotif"]
                    }
                ] 
            },
            {
                "name": "Key Cavern",
                "map_locations": [
                    {
                        "map": "worldmap",
                        "x": 914,
                        "y": 1455
                    }
                ],
                "sections": [
                    {
                        "item_count": 1,
                        "capture_item": true,
                        "name": "If the path is a dead end, check it.  If not, mark it.",
                        "visibility_rules": ["csnotif"]
                    }
                ] 
            },
            {
                "name": "Martha's Bay Top of Cliff",
                "map_locations": [
                    {
                        "map": "worldmap",
                        "x": 1384,
                        "y": 1470
                    }
                ],
                "sections": [
                    {
                        "item_count": 1,
                        "capture_item": true,
                        "name": "If the path is a dead end, check it.  If not, mark it.",
                        "visibility_rules": ["csnotif, setting_showRedundantCaves"]
                    }
                ] 
            },
            {
                "name": "Martha's Bay Bottom of Cliff",
                "map_locations": [
                    {
                        "map": "worldmap",
                        "x": 1416,
                        "y": 1518
                    }
                ],
                "sections": [
                    {
                        "item_count": 1,
                        "capture_item": true,
                        "name": "If the path is a dead end, check it.  If not, mark it.",
                        "visibility_rules": ["csnotif"]
                    }
                ] 
            },
            {
                "name": "Pothole Field",
                "map_locations": [
                    {
                        "map": "worldmap",
                        "x": 1028,
                        "y": 1632
                    }
                ],
                "sections": [
                    {
                        "item_count": 1,
                        "capture_item": true,
                        "name": "If the path is a dead end, check it.  If not, mark it.",
                        "visibility_rules": ["csnotif"]
                    }
                ] 
            },
            {
                "name": "Martha's Bay Bottom of Cliff, but also South",
                "map_locations": [
                    {
                        "map": "worldmap",
                        "x": 1336,
                        "y": 1631
                    }
                ],
                "sections": [
                    {
                        "item_count": 1,
                        "capture_item": true,
                        "name": "If the path is a dead end, check it.  If not, mark it.",
                        "visibility_rules": ["csnotif"]
                    }
                ] 
            },
            {
                "name": "Animal Village - Lefter House",
                "map_locations": [
                    {
                        "map": "worldmap",
                        "x": 1984,
                        "y": 1634
                    }
                ],
                "sections": [
                    {
                        "item_count": 1,
                        "capture_item": true,
                        "name": "If the path is a dead end, check it.  If not, mark it.",
                        "visibility_rules": ["csnotif"]
                    }
                ] 
            },
            {
                "name": "Animal Village - Left House",
                "map_locations": [
                    {
                        "map": "worldmap",
                        "x": 2064,
                        "y": 1634
                    }
                ],
                "sections": [
                    {
                        "item_count": 1,
                        "capture_item": true,
                        "name": "If the path is a dead end, check it.  If not, mark it.",
                        "visibility_rules": ["csnotif"]
                    }
                ] 
            },
            {
                "name": "Animal Village - Right House",
                "map_locations": [
                    {
                        "map": "worldmap",
                        "x": 2126,
                        "y": 1634
                    }
                ],
                "sections": [
                    {
                        "item_count": 1,
                        "capture_item": true,
                        "name": "If the path is a dead end, check it.  If not, mark it.",
                        "visibility_rules": ["csnotif"]
                    }
                ] 
            },
            {
                "name": "Animal Village - Righter House",
                "map_locations": [
                    {
                        "map": "worldmap",
                        "x": 2194,
                        "y": 1634
                    }
                ],
                "sections": [
                    {
                        "item_count": 1,
                        "capture_item": true,
                        "name": "If the path is a dead end, check it.  If not, mark it.",
                        "visibility_rules": ["csnotif"]
                    }
                ] 
            },
            {
                "name": "Animal Village - Bombable Cave",
                "map_locations": [
                    {
                        "map": "worldmap",
                        "x": 2243,
                        "y": 1584
                    }
                ],
                "sections": [
                    {
                        "item_count": 1,
                        "capture_item": true,
                        "name": "If the path is a dead end, check it.  If not, mark it.",
                        "visibility_rules": ["csnotif"]
                    }
                ] 
            },
            {
                "name": "Lanmola Cave",
                "map_locations": [
                    {
                        "map": "worldmap",
                        "x": 2349,
                        "y": 1624
                    }
                ],
                "sections": [
                    {
                        "name": "You might have this cave turned off.  Check your settings.",
                        "visibility_rules": ["csnotif"],
                        "item_count": 1,
                        "capture_item": true
                    }
                ] 
            },
            {
                "name": "Desert Cave",
                "map_locations": [
                    {
                        "map": "worldmap",
                        "x": 2518,
                        "y": 1570
                    }
                ],
                "sections": [
                    {
                        "item_count": 1,
                        "capture_item": true,
                        "name": "If the path is a dead end, check it.  If not, mark it.",
                        "visibility_rules": ["csnotif"]
                    }
                ] 
            },
            {
                "name": "Tail Cave",
                "map_locations": [
                    {
                        "map": "worldmap",
                        "x": 590,
                        "y": 1714
                    }
                ],
                "sections": [
                    {
                        "item_count": 1,
                        "capture_item": true,
                        "name": "If the path is a dead end, check it.  If not, mark it.",
                        "visibility_rules": ["csnotif"]
                    }
                ] 
            },
            {
                "name": "Signpost Maze Staircase",
                "map_locations": [
                    {
                        "map": "worldmap",
                        "x": 673,
                        "y": 1795
                    }
                ],
                "sections": [
                    {
                        "item_count": 1,
                        "capture_item": true,
                        "name": "If the path is a dead end, check it.  If not, mark it.",
                        "visibility_rules": ["csnotif"]
                    }
                ] 
            },
            {
                "name": "Richard's Villa",
                "map_locations": [
                    {
                        "map": "worldmap",
                        "x": 1045,
                        "y": 1764
                    }
                ],
                "sections": [
                    {
                        "item_count": 1,
                        "capture_item": true,
                        "name": "If the path is a dead end, check it.  If not, mark it.",
                        "visibility_rules": ["csnotif"]
                    }
                ] 
            },
            {
                "name": "Catfish's Maw",
                "map_locations": [
                    {
                        "map": "worldmap",
                        "x": 1546,
                        "y": 1745
                    }
                ],
                "sections": [
                    {
                        "item_count": 1,
                        "capture_item": true,
                        "name": "If the path is a dead end, check it.  If not, mark it.",
                        "visibility_rules": ["csnotif"]
                    }
                ] 
            },
            {
                "name": "Animal Village Telephone Booth",
                "map_locations": [
                    {
                        "map": "worldmap",
                        "x": 1903,
                        "y": 1763
                    }
                ],
                "sections": [
                    {
                        "item_count": 1,
                        "capture_item": true,
                        "name": "If the path is a dead end, check it.  If not, mark it.",
                        "visibility_rules": ["csnotif"]
                    }
                ] 
            },
            {
                "name": "Animal Village - Just as Right as the one above",
                "map_locations": [
                    {
                        "map": "worldmap",
                        "x": 2194,
                        "y": 1747
                    }
                ],
                "sections": [
                    {
                        "item_count": 1,
                        "capture_item": true,
                        "name": "If the path is a dead end, check it.  If not, mark it.",
                        "visibility_rules": ["csnotif"]
                    }
                ] 
            },
            {
                "name": "Sale's Hut",
                "map_locations": [
                    {
                        "map": "worldmap",
                        "x": 558,
                        "y": 1861
                    }
                ],
                "sections": [
                    {
                        "item_count": 1,
                        "capture_item": true,
                        "name": "If the path is a dead end, check it.  If not, mark it.",
                        "visibility_rules": ["csnotif"]
                    }
                ] 
            },
            {
                "name": "Martha's Bay Overworld Tunnel Left Side",
                "map_locations": [
                    {
                        "map": "worldmap",
                        "x": 1044,
                        "y": 1876
                    }
                ],
                "sections": [
                    {
                        "item_count": 1,
                        "capture_item": true,
                        "name": "If the path is a dead end, check it.  If not, mark it.",
                        "visibility_rules": ["csnotif"]
                    }
                ] 
            },
            {
                "name": "Martha's Bay Overworld Tunnel Right Side",
                "map_locations": [
                    {
                        "map": "worldmap",
                        "x": 1238,
                        "y": 1845
                    }
                ],
                "sections": [
                    {
                        "item_count": 1,
                        "capture_item": true,
                        "name": "If the path is a dead end, check it.  If not, mark it.",
                        "visibility_rules": ["csnotif"]
                    }
                ] 
            },
            {
                "name": "Martha's Bay Telephone Booth",
                "map_locations": [
                    {
                        "map": "worldmap",
                        "x": 1352,
                        "y": 1908
                    }
                ],
                "sections": [
                    {
                        "item_count": 1,
                        "capture_item": true,
                        "name": "If the path is a dead end, check it.  If not, mark it.",
                        "visibility_rules": ["csnotif"]
                    }
                ] 
            },
            {
                "name": "Mermaid Statue Staircase",
                "map_locations": [
                    {
                        "map": "worldmap",
                        "x": 1563,
                        "y": 1861
                    }
                ],
                "sections": [
                    {
                        "item_count": 1,
                        "capture_item": true,
                        "name": "If the path is a dead end, check it.  If not, mark it.",
                        "visibility_rules": ["csnotif, setting_showRedundantCaves"]
                    }
                ] 
            },
            {
                "name": "Under the Bridge",
                "map_locations": [
                   {
                        "map": "worldmap",
                        "x": 1723,
                        "y": 1861
                    }
                ],
                "sections": [
                    {
                        "item_count": 1,
                        "capture_item": true,
                        "name": "If the path is a dead end, check it.  If not, mark it.",
                        "visibility_rules": ["csnotif, setting_showRedunantCaves"]
                    }
                ] 
            },
            {
                "name": "Beach Bombable Cave",
                "map_locations": [
                    {
                        "map": "worldmap",
                        "x": 672,
                        "y": 1974
                    }
                ],
                "sections": [
                    {
                        "item_count": 1,
                        "capture_item": true,
                        "name": "If the path is a dead end, check it.  If not, mark it.",
                        "visibility_rules": ["csnotif"]
                    }
                ] 
            },
            {
                "name": "House by the Bay",
                "map_locations": [
                    {
                        "map": "worldmap",
                        "x": 1061,
                        "y": 2007
                    }
                ],
                "sections": [
                    {
                        "item_count": 1,
                        "capture_item": true,
                        "name": "If the path is a dead end, check it.  If not, mark it.",
                        "visibility_rules": ["csnotif"]
                    }
                ] 
            },
            {
                "name": "Staircase surrounded by Bushes",
                "map_locations": [
                    {
                        "map": "worldmap",
                        "x": 1579,
                        "y": 2022
                    }
                ],
                "sections": [
                    {
                        "item_count": 1,
                        "capture_item": true,
                        "name": "If the path is a dead end, check it.  If not, mark it.",
                        "visibility_rules": ["csnotif"]
                    }
                ] 
            }
        ]
    }
]