[
    {
        "name": "Dungeons",
        "chest_unopened_img": "images/chest.png",
        "chest_opened_img": "images/chest-opened.png",
        "children": [
            {
                "name": "Level 0 - Color Dungeon",
                "access_rules": [
                    "$can_break_grass, powder, feather",
                    "lift1, powder"
                ],
                "map_locations": [
                    {
                        "map": "worldmap",
                        "x": 1215,
                        "y": 935
                    }
                ],
                "sections": [
                    {
                        "visibility_rules": ["setting_dungeontracking_simple"],
                        "item_count": 1
                    },
                    {
                        "visibility_rules": ["setting_dungeontracking_simple"],
                        "name": "Evil Orb",
                        "hosted_item": "armor"
                    }
                ]
            },
            {
                "name": "Level 1 - Tail Cave",
                "access_rules": ["tail, [feather]"],
                "map_locations": [
                    {
                        "map": "worldmap",
                        "x": 575,
                        "y": 1715
                    }
                ],
                "sections": [
                    {
                        "visibility_rules": ["setting_dungeontracking_simple"],
                        "item_count": 3,
                        "clear_as_group": false
                    },
                    {
                        "name": "Moldorm",
                        "visibility_rules": ["setting_dungeontracking_simple"],
                        "item_count": 1,
                        "chest_opened_img": "images/heartContainerd.png",
                        "chest_unopened_img": "images/heartContainer.png"
                    },
                    {
                        "visibility_rules": ["setting_dungeontracking_simple"],
                        "name": "Full Moon Cello",
                        "shortname": "Cello",
                        "hosted_item": "cello"
                    }
                ]
            },
            {
                "name": "Level 2 - Bottle Grotto",
                "access_rules": [
                    "[feather], lift1, $can_break_swamp_flowers",
                    "[feather], lift1, setting_overworldmods_on",
                    "[lidt1], $can_break_grass, $can_break_swamp_flowers, feather"
                ],
                "map_locations": [
                    {
                        "map": "worldmap",
                        "x": 680,
                        "y": 286
                    }
                ],
                "sections": [
                    {
                        "visibility_rules": ["setting_dungeontracking_simple"],
                        "item_count": 3,
                        "clear_as_group": false
                    },
                    {
                        "name": "Mad Genie",
                        "visibility_rules": ["setting_dungeontracking_simple"],
                        "item_count": 1,
                        "chest_opened_img": "images/heartContainerd.png",
                        "chest_unopened_img": "images/heartContainer.png"
                    },
                    {
                        "visibility_rules": ["setting_dungeontracking_simple"],
                        "name": "Conch Horn",
                        "hosted_item": "conch"
                    }
                ]
            },
            {
                "name": "Level 3 - Key Cavern",
                "access_rules": [
                    "[boots], slime, lift1, feather",
                    "[boots], slime, lift1, flippers"
                ],
                "map_locations": [
                    {
                        "map": "worldmap",
                        "x": 920,
                        "y": 1460
                    }
                ],
                "sections": [
                    {
                        "visibility_rules": ["setting_dungeontracking_simple"],
                        "item_count": 3,
                        "clear_as_group": false
                    },
                    {
                        "name": "Slime Eyes",
                        "visibility_rules": ["setting_dungeontracking_simple"],
                        "item_count": 1,
                        "chest_opened_img": "images/heartContainerd.png",
                        "chest_unopened_img": "images/heartContainer.png"
                    },
                    {
                        "visibility_rules": ["setting_dungeontracking_simple"],
                        "name": "Sea Lily's Bell",
                        "hosted_item": "bell"
                    }
                ]
            },
            {
                "name": "Level 4 - Angler's Tunnel",
                "access_rules": [
                    "[boots],[feather],angler, lift1, flippers",
                    "[feather],angler, lift1, boots",
                    "angler, boots, feather, flippers"
                ],
                "map_locations": [
                    {
                        "map": "worldmap",
                        "x": 1845,
                        "y": 285
                    }
                ],
                "sections": [
                    {
                        "visibility_rules": ["setting_dungeontracking_simple"],
                        "item_count": 4,
                        "clear_as_group": false
                    },
                    {
                        "name": "Angler Fish",
                        "visibility_rules": ["setting_dungeontracking_simple"],
                        "item_count": 1,
                        "chest_opened_img": "images/heartContainerd.png",
                        "chest_unopened_img": "images/heartContainer.png"
                    },
                    {
                        "visibility_rules": ["setting_dungeontracking_simple"],
                        "name": "Surf Harp",
                        "hosted_item": "harp"
                    }
                ]
            },
            {
                "name": "Level 5 - Catfish's Maw",
                "access_rules": [
                    "[hookshot], flippers, lift1",
                    "[hookshot], flippers, boots, feather"
                ],
                "map_locations": [
                    {
                        "map": "worldmap",
                        "x": 1540,
                        "y": 1749
                    }
                ],
                "sections": [
                    {
                        "visibility_rules": ["setting_dungeontracking_simple"],
                        "item_count": 4,
                        "clear_as_group": false
                    },
                    {
                        "name": "Slime Eel",
                        "visibility_rules": ["setting_dungeontracking_simple"],
                        "item_count": 1,
                        "chest_opened_img": "images/heartContainerd.png",
                        "chest_unopened_img": "images/heartContainer.png"
                    },
                    {
                        "visibility_rules": ["setting_dungeontracking_simple"],
                        "name": "Wind Marimba",
                        "hosted_item": "marimba"
                    }
                ]
            },
            {
                "name": "Level 6 - Face Shrine",
                "access_rules": [
                    "[lift2],[feather], hookshot, face, flippers, $can_leave_mabe"
                ],
                "map_locations": [
                    {
                        "map":"worldmap",
                        "x": 2000,
                        "y": 1095
                    }
                ],
                "sections": [
                    {
                        "visibility_rules": ["setting_dungeontracking_simple"],
                        "item_count": 6,
                        "clear_as_group": false
                    },
                    {
                        "name": "Facade",
                        "visibility_rules": ["setting_dungeontracking_simple"],
                        "item_count": 1,
                        "chest_opened_img": "images/heartContainerd.png",
                        "chest_unopened_img": "images/heartContainer.png"
                    },
                    {
                        "name": "Pop out at the Raft Minigame",
                        "short_name": "Outside",
                        "item_count": 1
                    },
                    {
                        "visibility_rules": ["setting_dungeontracking_simple"],
                        "name": "Coral Triangle",
                        "hosted_item": "triangle"
                    }
                ]
            },
            {
                "name": "Level 7 - Eagle's Tower",
                "access_rules": [
                    "[lift1], eagle, setting_overworldmods_on, hookshot, feather, hookshot",
                    "[lift1], eagle, setting_overworldmods_on, angler, flippers, feather, hookshot",
                    "[lift1], eagle, setting_overworldmods_off, boots, flippers, feather, hookshot"
                ],
                "map_locations": [
                    {
                        "map": "worldmap",
                        "x": 2350,
                        "y": 40
                    }
                ],
                "sections": [
                    {
                        "visibility_rules": ["setting_dungeontracking_simple"],
                        "item_count": 3,
                        "clear_as_group": false
                    },
                    {
                        "name": "Evil Eagle",
                        "visibility_rules": ["setting_dungeontracking_simple"],
                        "item_count": 1,
                        "chest_opened_img": "images/heartContainerd.png",
                        "chest_unopened_img": "images/heartContainer.png"
                    },
                    {
                        "visibility_rules": ["setting_dungeontracking_simple"],
                        "name": "Organ of Evening Calm",
                        "hosted_item": "organ"
                    }
                ]
            },
            {
                "name": "Level 8 - Turtle Rock",
                "access_rules": [
                    "[feather],[bombs],[bow],[rod], setting_overworldmods_on, $west_tal, shield2, ocarina, soul",
                    "[feather],[bombs],[bow],[rod], setting_overworldmods_off, $west_tal, shield2, ocarina, soul",
                    "[feather],[bombs],[bow],[rod], setting_overworldmods_on, $west_tal, [ocarina],[soul], bombs, mirror",
                    "[feather],[bombs],[bow],[rod], setting_overworldmods_off, $west_tal, [ocarina],[soul], bombs, mirror",
                    "[feather],[bombs],[bow],[rod], setting_overworldmods_on, $west_tal, [shield2], boots, ocarina, soul",
                    "[feather],[bombs],[bow],[rod], setting_overworldmods_off, $west_tal, [shield2], boots, ocarina, soul",
                    "[feather],[bombs],[bow],[rod], setting_overworldmods_on, $west_tal, [shield2], [ocarina], [soul], bombs",
                    "[feather],[bombs],[bow],[rod], setting_overworldmods_off, $west_tal, [shield2], [ocarina],[soul], bombs" 
                ],
                "map_locations": [
                    {
                        "map": "worldmap",
                        "x": 80,
                        "y": 149
                    }
                ],
                "sections": [
                    {
                        "visibility_rules": ["setting_dungeontracking_simple"],
                        "item_count": 5,
                        "clear_as_group": false
                    },
                    {
                        "name": "Hot Head",
                        "visibility_rules": ["setting_dungeontracking_simple"],
                        "item_count": 1,
                        "chest_opened_img": "images/heartContainerd.png",
                        "chest_unopened_img": "images/heartContainer.png"
                    },
                    {
                        "visibility_rules": ["setting_dungeontracking_simple, setting_heartPiece_shuffle_on"],
                        "item_count": 1,
                        "name": "Outside, On the Summit",
                        "short_name": "Outside"
                    },
                    {
                        "visibility_rules": ["setting_dungeontracking_simple"],
                        "name": "Thunder Drum",
                        "hosted_item": "drum"
                    }
                ]
            }
        ]
    }
]