{
    //Half Size
    "D0_items": {
        "type": "canvas",
        "width": 60,
        "height": 50,
        "content": [
            {
                "type": "item",
                "item": "bothclothes",
                "width": 24,
                "height": 24,
                "canvas_left": 1,
                "canvas_top": 2
            },
            {
                "type": "item",
                "item": "D0unknownent",
                "width": 24,
                "height": 24,
                "canvas_left": 25,
                "canvas_top": 1
            },
            {
                "type": "item",
                "item": "D0SK",
                "width": 10,
                "height": 20,
                "canvas_left": 12,
                "canvas_top": 28
            },
            {
                "type": "item",
                "item": "D0BK",
                "width": 12,
                "height": 21,
                "canvas_left": 25,
                "canvas_top": 26
            }
        ]
    },
    //2/3ds size
    "D1_items": {
        "type": "canvas",
        "width": 80,
        "height": 66,
        "content": [
            {
                "type": "item",
                "item": "cello",
                "width": 32,
                "height": 32,
                "canvas_left": 1,
                "canvas_top": 3
            },
            {
                "type": "item",
                "item": "D1unknownent",
                "width": 32,
                "height": 32,
                "canvas_left": 34,
                "canvas_top": 3
            },
            {
                "type": "item",
                "item": "D1SK",
                "width": 21,
                "height": 26,
                "canvas_left": 16,
                "canvas_top": 37
            },
            {
                "type": "item",
                "item": "D1BK",
                "width": 24,
                "height": 28,
                "canvas_left": 34,
                "canvas_top": 35
            }
        ]
    },
    "D2_items": {
        "type": "canvas",
        "width": 100,
        "height": 100,
        "content": [
            {
                "type": "item",
                "item": "conch",
                "width": 48,
                "height": 48,
                "canvas_left": 2,
                "canvas_top": 4
            },
            {
                "type": "item",
                "item": "D2unknownent",
                "width": 48,
                "height": 48,
                "canvas_left": 51,
                "canvas_top": 2
            },
            {
                "type": "item",
                "item": "D2SK",
                "width": 21,
                "height": 39,
                "canvas_left": 24,
                "canvas_top": 56
            },
            {
                "type": "item",
                "item": "D2BK",
                "width": 24,
                "height": 42,
                "canvas_left": 51,
                "canvas_top": 53
            }
        ]
    },
    "D3_items": {
        "type": "canvas",
        "width": 120,
        "height": 100,
        "content": [
            {
                "type": "item",
                "item": "bell",
                "width": 48,
                "height": 48,
                "canvas_left": 2,
                "canvas_top": 4
            },
            {
                "type": "item",
                "item": "D3unknownent",
                "width": 48,
                "height": 48,
                "canvas_left": 51,
                "canvas_top": 2
            },
            {
                "type": "item",
                "item": "ladxr_D3SK",
                "width": 21,
                "height": 39,
                "canvas_left": 24,
                "canvas_top": 56
            },
            {
                "type": "item",
                "item": "D3BK",
                "width": 24,
                "height": 42,
                "canvas_left": 51,
                "canvas_top": 53
            }
        ]
    },
    "D4_items": {
        "type": "canvas",
        "width": 120,
        "height": 100,
        "content": [
            {
                "type": "item",
                "item": "harp",
                "width": 48,
                "height": 48,
                "canvas_left": 2,
                "canvas_top": 4
            },
            {
                "type": "item",
                "item": "D4unknownent",
                "width": 48,
                "height": 48,
                "canvas_left": 51,
                "canvas_top": 2
            },
            {
                "type": "item",
                "item": "D4SK",
                "width": 21,
                "height": 39,
                "canvas_left": 24,
                "canvas_top": 56
            },
            {
                "type": "item",
                "item": "D4BK",
                "width": 24,
                "height": 42,
                "canvas_left": 51,
                "canvas_top": 53
            }
        ]
    },
    "D5_items": {
        "type": "canvas",
        "width": 100,
        "height": 100,
        "content": [
            {
                "type": "item",
                "item": "marimba",
                "width": 48,
                "height": 48,
                "canvas_left": 2,
                "canvas_top": 4
            },
            {
                "type": "item",
                "item": "D5unknownent",
                "width": 48,
                "height": 48,
                "canvas_left": 51,
                "canvas_top": 2
            },
            {
                "type": "item",
                "item": "D5SK",
                "width": 21,
                "height": 39,
                "canvas_left": 24,
                "canvas_top": 56
            },
            {
                "type": "item",
                "item": "D5BK",
                "width": 24,
                "height": 42,
                "canvas_left": 51,
                "canvas_top": 53
            }
        ]
    },
    "D6_items": {
        "type": "canvas",
        "width": 120,
        "height": 100,
        "content": [
            {
                "type": "item",
                "item": "triangle",
                "width": 48,
                "height": 48,
                "canvas_left": 2,
                "canvas_top": 4
            },
            {
                "type": "item",
                "item": "D6unknownent",
                "width": 48,
                "height": 48,
                "canvas_left": 51,
                "canvas_top": 2
            },
            {
                "type": "item",
                "item": "D6SK",
                "width": 21,
                "height": 39,
                "canvas_left": 24,
                "canvas_top": 56
            },
            {
                "type": "item",
                "item": "D6BK",
                "width": 24,
                "height": 42,
                "canvas_left": 51,
                "canvas_top": 53
            }
        ]
    },
    "D7_items": {
        "type": "canvas",
        "width": 120,
        "height": 100,
        "content": [
            {
                "type": "item",
                "item": "organ",
                "width": 48,
                "height": 48,
                "canvas_left": 2,
                "canvas_top": 4
            },
            {
                "type": "item",
                "item": "D7unknownent",
                "width": 48,
                "height": 48,
                "canvas_left": 51,
                "canvas_top": 2
            },
            {
                "type": "item",
                "item": "D7SK",
                "width": 21,
                "height": 39,
                "canvas_left": 24,
                "canvas_top": 56
            },
            {
                "type": "item",
                "item": "D7BK",
                "width": 24,
                "height": 42,
                "canvas_left": 51,
                "canvas_top": 53
            }
        ]
    },
    "D8_items": {
        "type": "canvas",
        "width": 100,
        "height": 100,
        "content": [
            {
                "type": "item",
                "item": "drum",
                "width": 48,
                "height": 48,
                "canvas_left": 2,
                "canvas_top": 4
            },
            {
                "type": "item",
                "item": "D8unknownent",
                "width": 48,
                "height": 48,
                "canvas_left": 51,
                "canvas_top": 2
            },
            {
                "type": "item",
                "item": "D8SK",
                "width": 21,
                "height": 39,
                "canvas_left": 24,
                "canvas_top": 56
            },
            {
                "type": "item",
                "item": "D8BK",
                "width": 24,
                "height": 42,
                "canvas_left": 51,
                "canvas_top": 53
            }
        ]
    },
    "item_grid": {
        "type": "itemgrid",
        "h_alignment": "stretch",
        "item_margin": "4",
        //"item_size": 48,
        "rows": [
            ["shield", "sword", "mushroompowder", "shovelsalesman", "bombscapacity", "bowcapacity"],
            ["feathersalesman", "bracelet", "bootssalesman", "flippers", "hookshotsalesman", "rodsalesman"],
            ["ocarina", "marincheck", "manbocheck", "frogcheck", "chomp", "boomerangsalesman"],
            ["tailkey", "anglerkey", "facekey", "eaglekey", "slime", "oneleaf"]
        ]
    
    },
    "settings_grid": {
        "type": "array",
        "margin": "5",
        "content": [
            {
                "type": "group",
                "header": "Settings",
                "content": [
                    {
                        "type": "item",
                        "margin": "0, 0, 0, 0",
                        "item": "setting_heartPiece_shuffle_on"
                    },
                    {
                        "type": "item",
                        "margin": "0, 30, 0, 0",
                        "item": "ladxr_setting_shellsanity_off"
                    },
                    {
                        "type": "item",
                        "margin": "0, 60, 0, 0",
                        "item": "showKeyLogic"
                    },
                    {
                        "type": "item",
                        "margin": "0, 90, 0, 0",
                        "item": "setting_ItemsOnOwlStatues_off"
                    },
                    {
                        "type": "item",
                        "margin": "0, 120, 0, 0",
                        "item": "setting_GoodBoy_off"
                    },
                    // {
                    //     "type": "item",
                    //     "margin": "0, 150, 0, 0",
                    //     "item": "setting_NormalLogic"
                    // },
                    {
                        "type": "item",
                        "margin": "0, 180, 0, 0",
                        "item": "setting_numInst8"
                    }
                ]
            }
        ]
    },
    "tracker_default": {
      "type": "container",
      "background": "#877373",
      "content": {
          "type": "dock",
          "dropshadow": true,
          "content": [
              {
                  "type": "dock",
                  "dock": "right",
                  "v_alignment": "stretch",
                  "margin": "0,0,0,0",
                  "content": [
                    {
                        "type": "group",
                        "header": "Items",
                        "dock": "top",
                        "header_content": {
                            "type": "button_popup",
                            "style": "settings",
                            "popup_background": "#502121",
                            "layout": "settings_grid"
                        },
                        "content": [
                            {
                                "type": "array", //an array pointing downwards full of 3 arrays pointing rightwards, 3x3 grid
                                "orientation": "vertical",
                                "h_alignment": "center",
                                "margin": "0, 250, 0, 0",
                                "content": [
                                    {
                                        "type": "array",
                                        "orientation": "horizontal",
                                        "h_alignment": "center",
                                        "content": [
                                            {
                                                "type": "layout",
                                                "key": "D0_items"
                                            },
                                            {
                                                "type": "layout",
                                                "key": "D1_items"
                                            },
                                            {
                                                "type": "layout",
                                                "key": "D2_items"
                                            }
                                        ]
                                    },
                                    {
                                        "type": "array",
                                        "orientation": "horizontal",
                                        "h_alignment": "center",
                                        "content": [
                                            {
                                                "type": "layout",
                                                "key": "D3_items"
                                            },
                                            {
                                                "type": "layout",
                                                "key": "D4_items"
                                            },
                                            {
                                                "type": "layout",
                                                "key": "D5_items"
                                            }
                                        ]
                                    },
                                    {
                                        "type": "array",
                                        "orientation": "horizontal",
                                        "h_alignment": "center",
                                        "content": [
                                            {
                                                "type": "layout",
                                                "key": "D6_items"
                                            },
                                            {
                                                "type": "layout",
                                                "key": "D7_items"
                                            },
                                            {
                                                "type": "layout",
                                                "key": "D8_items"
                                            }
                                        ]
                                    }
                                ]
                            },
                            {
                                "type": "layout",
                                "key": "item_grid"
                            }
                        ]
                    },

                      {
                          "type": "group",
                          "header": "Pinned Locations",
                          "dock": "left",
                          "content": {
                              "type": "recentpins",
                              "style": "wrap",
                              "h_alignment": "stretch",
                              "v_alignment": "stretch",
                              "orientation": "vertical",
                              "compact": true
                          }
                      }
                  ]
                },
                {
                    "type": "dock",
                    "v_alignment":"stretch",
                    "margin": "0,0,0,0",
                    "content": [
                        {
                            "type": "tabbed",
                            "dock": "top",
                            "tabs": [
                                {
                                    "title": "Overworld",
                                    "icon": "images/Egg.png",
                                    "content": {
                                        "type": "map",
                                        "maps": ["worldmap"]
                                    }
                                },
                                {
                                    "title": "D1",
                                    "icon": "images/cello.png",
                                    "content": {
                                        "type": "map",
                                        "maps": ["D1"]
                                    }
                                },
                                {
                                    "title": "D2",
                                    "icon": "images/conch.png",
                                    "content": {
                                        "type": "map",
                                        "maps": ["D2"]
                                    }
                                },
                                {
                                    "title": "D3",
                                    "icon": "images/bell.png",
                                    "content": {
                                        "type": "map",
                                        "maps": ["D3"]
                                    }
                                },
                                {
                                    "title": "D4",
                                    "icon": "images/harp.png",
                                    "content": {
                                        "type": "map",
                                        "maps": ["D4"]
                                    }
                                },
                                {
                                    "title": "D5",
                                    "icon": "images/marimba.png",
                                    "content": {
                                        "type": "map",
                                        "maps": ["D5"]
                                    }
                                },
                                {
                                    "title": "D6",
                                    "icon": "images/triangle.png",
                                    "content": {
                                        "type": "map",
                                        "maps": ["D6"]
                                    }
                                },
                                {
                                    "title": "D7",
                                    "icon": "images/organ.png",
                                    "content": {
                                        "type": "map",
                                        "maps": ["D7"]
                                    }
                                },
                                {
                                    "title": "D8",
                                    "icon": "images/drum.png",
                                    "content": {
                                        "type": "map",
                                        "maps": ["D8"]
                                    }
                                },
                                {
                                    "title": "D0",
                                    "icon": "images/redblue_mail.png",
                                    "content": {
                                        "type": "map",
                                        "maps": ["D0"]
                                    }
                                }
                            ]
                        }
                    ]
                }
            ]
        }
    }
}