{
    "item_grid": {
        "type": "itemgrid",
        "h_alignment": "stretch",
        "item_margin": "5,8",
        "item_size": 45,
        "rows": [
            ["shield", "sword", "mushroom", "shovel", "bombs", "bow"],
            ["feather", "bracelet", "boots", "flippers", "hookshot", "rod"],
            ["ocarina", "marin", "frog", "shell", "yoshi", "armor"],
            ["tailkey", "anglerkey", "facekey", "eaglekey", "slimekey", "leaves"],
            ["cello", "conch", "bell", "harp", "marimba", "triangle", "organ", "drum", "color"],
            ["D1SK", "D2SK", "D3SK", "D4SK", "D5SK", "D6SK", "D7SK", "D8SK", "D0SK"],
            ["D1BK", "D2BK", "D3BK", "D4BK", "D5BK", "D6BK", "D7BK", "D8BK", "D0BK"]
        ]
    },
    "tracker_default": {
        "type": "array",
        "margin": "5,5,5,5",
        "background": "#212121",
        "content": [
          {
            "type": "layout",
            "key": "item_grid"
          }
        ]
      }
}