﻿[
	{
		"name": "Feather",
		"type": "progressive",
		"stages": [{
				"img": "images/feather.png",
				"codes": "feather"
			},
			{
				"img": "images/boomerangFeather.png",
				"codes": "boomerangFeather"
			}
		]
	},
	{
		"name": "Bow",
		"type": "progressive",
		"allow_disabled": false,
		"stages": [
			{
				"img": "images/bow.png",
				"img_mods": "@disabled"
			},
			{
				"img": "images/bow30.png",
				"codes": "bow"
			},
			{
				"img": "images/bow60.png",
				"inherit_codes": true
			}
		]
	},
	{
		"name": "Boomerang",
		"type": "toggle",
		"img": "images/boomerang.png",
		"codes": "boomerang"
	},
	{
		"name": "Hookshot",
		"type": "progressive",
		"stages": [{
				"img": "images/hookshot.png",
				"codes": "hookshot,hs"
			},
			{
				"img": "images/boomerangHook.png",
				"codes": "boomerangHook.png"
			}
		]
	},
	{
		"name": "Mushroom",
		"type": "toggle",
		"img": "images/mushroom.png",
		"codes": "mushroomOld"
	},
	{
		"name": "Powder",
		"type": "toggle",
		"img": "images/powder.png",
		"codes": "powderOld"
	},
	{
		"name": "Progressive Mushroom",
		"type": "progressive",
		"stages": [
			{
				"img": "images/mushroom.png",
				"codes": "mushroom,shroom"
			},
			{
				"img": "images/powder20.png",
				"codes": "powder"
			},
			{
				"img": "images/powder40.png",
				"inherit_codes": true
			}
		]
	},
	{
		"name": "Mushroom and Powder",
		"type": "composite_toggle",
		"codes": "mushroomandpowder",
		"item_left": "mushroom",
		"item_right": "powder",
		"images": [{
				"left": false,
				"right": false,
				"img": "images/mpowder_disabled.png"
			},
			{
				"left": true,
				"right": false,
				"img": "images/mushP-Disabled.png"
			},
			{
				"left": false,
				"right": true,
				"img": "images/mushroom-Disabled.png"
			},
			{
				"left": true,
				"right": true,
				"img": "images/mpowder.png"
			}
		]
	},
	{
		"name": "Fire Rod",
		"type": "progressive",
		"stages": [{
				"img": "images/fire_rod.png",
				"codes": "firerod, rod"
			},
			{
				"img": "images/boomerangRod.png",
				"codes": "boomerangRod"
			}
		]
	},
	{
		"name": "Trade",
		"type": "progressive",
		"stages": [
			{
				"img": "images/yoshi.png",
				"codes": "yoshi",
				"inherit_codes": false
			},
			{
				"img": "images/ribbon.png",
				"codes": "ribbon",
				"inherit_codes": false
			},
			{
				"img": "images/food.png",
				"codes": "food",
				"inherit_codes": false
			},
			{
				"img": "images/bananas.png",
				"codes": "bananas",
				"inherit_codes": false
			},
			{
				"img": "images/stick.png",
				"codes": "stick",
				"inherit_codes": false
			},
			{
				"img": "images/honey.png",
				"codes": "honey,beehive,hive",
				"inherit_codes": false
			},
			{
				"img": "images/pineapple.png",
				"codes": "pineapple",
				"inherit_codes": false
			},
			{
				"img": "images/flower.png",
				"codes": "flower",
				"inherit_codes": false
			},
			{
				"img": "images/letter.png",
				"codes": "letter",
				"inherit_codes": false
			},
			{
				"img": "images/broom.png",
				"codes": "broom",
				"inherit_codes": false
			},
			{
				"img": "images/hook.png",
				"codes": "hook",
				"inherit_codes": false
			},
			{
				"img": "images/bra.png",
				"codes": "bra,necklace",
				"inherit_codes": false
			},
			{
				"img": "images/scale.png",
				"codes": "scale",
				"inherit_codes": false
			},
			{
				"img": "images/lens.png",
				"codes": "lens",
				"inherit_codes": false
			}
		]
	},
	{
		"name": "Shells",
		"type": "consumable",
		"img": "images/shell.png",
		"codes": "shells,shell",
		"max_quantity": 22
	},
	{
		"name": "Golden Leaves",
		"type": "consumable",
		"img": "images/leaf.png",
		"codes": "leaf,leaves",
		"max_quantity": 5
	},
	{
		"name": "Pictures",
		"type": "consumable",
		"img": "images/picture.png",
		"codes": "picture,pictures",
		"max_quantity": 11
	},
	{
		"name": "Shovel",
		"type": "progressive",
		"stages": [{
				"img": "images/shovel.png",
				"codes": "shovel"
			},
			{
				"img": "images/boomerang.png",
				"codes": "boomerangShovel"
			}
		]
	}, {
		"name": "Bomb",
		"type": "progressive",
		"allow_disabled": false,
		"stages": [
			{
				"img": "images/bomb.png",
				"img_mods": "@disabled"
			},
			{
				"img": "images/bomb30.png",
				"codes": "bomb, bombs"
			},
			{
				"img": "images/bomb60.png",
				"inherit_codes": true
			}
		]
	}, {
		"name": "Ocarina",
		"type": "toggle",
		"img": "images/ocarina.png",
		"codes": "flute,ocarina"
	}, {
		"name": "Go Mode!",
		"capturable": false,
		"type": "toggle",
		"img": "images/0062.png",
		"codes": "gomode"
	}, {
		"name": "Bracelet",
		"type": "progressive",
		"stages": [{
				"img": "images/bracelet_1.png",
				"codes": "bracelet,lift1"
			},
			{
				"img": "images/bracelet_2.png",
				"codes": "bracelet2,lift2"
			}
		]
	}, {
		"name": "Boots",
		"type": "progressive",
		"stages": [{
				"img": "images/boots.png",
				"codes": "boots"
			},
			{
				"img": "images/boomerangBoots.png",
				"codes": "boomerangBoots"
			}
		]
	}, {
		"name": "Ghost",
		"type": "toggle",
		"img": "images/ghost.png",
		"codes": "ghost"
	}, {
		"name": "Chomp",
		"type": "toggle",
		"img": "images/chomp.png",
		"codes": "chomp,bowwow"
	}, {
		"name": "Walrus",
		"type": "toggle",
		"img": "images/walrus.png",
		"codes": "walrus"
	}, {
		"name": "Rooster",
		"type": "toggle",
		"img": "images/rooster.png",
		"codes": "rooster"
	}, {
		"name": "Flippers",
		"type": "toggle",
		"img": "images/flippers.png",
		"codes": "flippers"
	}, {
		"name": "Sword",
		"type": "progressive",
		"stages": [{
				"img": "images/sword_1.png",
				"codes": "sword, sword1"
			},
			{
				"img": "images/sword_2.png",
				"codes": "sword2"
			}
		]
	}, {
		"name": "Shield",
		"type": "progressive",
		"stages": [{
				"img": "images/shield_1.png",
				"codes": "shield,shield1"
			},
			{
				"img": "images/shield_2.png",
				"codes": "shield2,mirrorshield, mirror"
			}
		]
	}, {
		"name": "Mail",
		"type": "progressive",
		"allow_disabled": false,
		"stages": [{
				"img": "images/green_mail.png",
				"codes": "armor, armor1,"
			},
			{
				"img": "images/redblue_mail.png",
				"codes": "armor2,redmail,bluemail",
				"inherit_codes": false
			}
		]
	}, {
		"name": "Marin",
		"type": "toggle",
		"img": "images/marin.png",
		"codes": "marin,ballad"
	}, {
		"name": "Manbo",
		"type": "toggle",
		"img": "images/manbo.png",
		"codes": "fish,manbo, mambo"
	}, {
		"name": "Frog",
		"type": "toggle",
		"img": "images/frog.png",
		"codes": "frog,soul"
	},
	{
		"name": "Piece of Heart",
		"type": "toggle",
		"img": "images/heartPiece.png",
		"codes": "poh,heartpiece,heart"
	}, {
		"name": "Tail Key",
		"type": "toggle",
		"img": "images/tail_key.png",
		"codes": "tail,tailkey"
	},
	{
		"name": "Tail Key + Used Keyhole",
		"type": "toggle_badged",
		"base_item": "tail",
		"img": "images/overlay_check",
		"codes": "usedTail"
	}, {
		"name": "Slime Key",
		"type": "toggle",
		"img": "images/slime_key.png",
		"codes": "slime,slimekey"
	},
	{
		"name": "Slime Key + Used Keyhole",
		"type": "toggle_badged",
		"base_item": "slime",
		"img": "images/overlay_check",
		"codes": "usedSlime"
	}, {
		"name": "Angler Key",
		"type": "toggle",
		"img": "images/angler_key.png",
		"codes": "angler,anglerkey"
	},
	{
		"name": "Angler Key + Used Keyhole",
		"type": "toggle_badged",
		"base_item": "angler",
		"img": "images/overlay_check",
		"codes": "usedAngler"
	}, {
		"name": "Face Key",
		"type": "toggle",
		"img": "images/face_key.png",
		"codes": "face,facekey"
	},
	{
		"name": "Face Key + Used Keyhole",
		"type": "toggle_badged",
		"base_item": "face",
		"img": "images/overlay_check",
		"codes": "usedFace"
	}, {
		"name": "Eagle Key",
		"type": "toggle",
		"img": "images/eagle_key.png",
		"codes": "eagle, eaglekey, bird"
	},
	{
		"name": "Eagle Key + Used Keyhole",
		"type": "toggle_badged",
		"base_item": "eagle",
		"img": "images/overlay_check",
		"codes": "usedEagle"
	}, {
		"name": "TC Label",
		"type": "static",
		"img": "images/tc.png",
		"codes": "tc_label"
	}, {
		"name": "BG Label",
		"type": "static",
		"img": "images/bg.png",
		"codes": "bg_label"
	}, {
		"name": "KC Label",
		"type": "static",
		"img": "images/kc.png",
		"codes": "kc_label"
	}, {
		"name": "AT Label",
		"type": "static",
		"img": "images/at.png",
		"codes": "at_label"
	}, {
		"name": "CM Label",
		"type": "static",
		"img": "images/cm.png",
		"codes": "cm_label"
	}, {
		"name": "FS Label",
		"type": "static",
		"img": "images/fs.png",
		"codes": "fs_label"
	}, {
		"name": "ET Label",
		"type": "static",
		"img": "images/et.png",
		"codes": "et_label"
	}, {
		"name": "TR Label",
		"type": "static",
		"img": "images/tr.png",
		"codes": "tr_label"
		},
		{
		"name": "CD Label",
		"type": "static",
		"img": "images/cd.png",
		"codes": "cd_label"
	}, {
		"name": "Cello",
		"type": "toggle",
		"img": "images/cello.png",
		"codes": "cello,tc"
	}, {
		"name": "Cello Chests",
		"type": "consumable",
		"img": "images/chest.png",
		"codes": "cello_treasures,tcchest, D1chests",
		"swap_actions": true,
		"initial_quantity": 3,
		"max_quantity": 3
	}, {
		"name": "Conch",
		"type": "toggle",
		"img": "images/conch.png",
		"codes": "conch,bg"
	}, {
		"name": "Conch Chests",
		"type": "consumable",
		"img": "images/chest.png",
		"codes": "conch_treasures,bgchest, D2chests",
		"swap_actions": true,
		"initial_quantity": 3,
		"max_quantity": 3
	}, {
		"name": "Bell",
		"type": "toggle",
		"img": "images/bell.png",
		"codes": "bell,kc"
	}, {
		"name": "Bell Chests",
		"type": "consumable",
		"img": "images/chest.png",
		"codes": "bell_treasures,kcchest, D3chests",
		"swap_actions": true,
		"initial_quantity": 4,
		"max_quantity": 4
	}, {
		"name": "Harp",
		"type": "toggle",
		"img": "images/harp.png",
		"codes": "harp,at"
	}, {
		"name": "Harp Chests",
		"type": "consumable",
		"img": "images/chest.png",
		"codes": "harp_treasures,atchest, D4chests",
		"swap_actions": true,
		"initial_quantity": 4,
		"max_quantity": 4
	}, {
		"name": "Marimba",
		"type": "toggle",
		"img": "images/marimba.png",
		"codes": "marimba,cm"
	}, {
		"name": "Marimba Chests",
		"type": "consumable",
		"img": "images/chest.png",
		"codes": "marimba_treasures,cmchest, D5chests",
		"swap_actions": true,
		"initial_quantity": 4,
		"max_quantity": 4
	}, {
		"name": "triangle",
		"type": "toggle",
		"img": "images/triangle.png",
		"codes": "triangle,fs"
	}, {
		"name": "Triangle Chests",
		"type": "consumable",
		"img": "images/chest.png",
		"codes": "triangle_treasures,fschest, D6chests",
		"swap_actions": true,
		"initial_quantity": 6,
		"max_quantity": 6
	}, {
		"name": "Organ",
		"type": "toggle",
		"img": "images/organ.png",
		"codes": "organ,et"
	}, {
		"name": "Organ Chests",
		"type": "consumable",
		"img": "images/chest.png",
		"codes": "organ_treasures,etchest, D7chests",
		"swap_actions": true,
		"initial_quantity": 4,
		"max_quantity": 4
	}, {
		"name": "Drum",
		"type": "toggle",
		"img": "images/drum.png",
		"codes": "drum,tr"
	}, {
		"name": "Drum Chests",
		"type": "consumable",
		"img": "images/chest.png",
		"codes": "drum_treasures,trchest, D8chests",
		"swap_actions": true,
		"initial_quantity": 6,
		"max_quantity": 6
	},
	{
		"name": "Evil Orb",
		"type": "toggle",
		"img": "images/tinyEvilOrb.png",
		"codes": "color, cd, evilorb"
	},
	{
		"name": "Color Treasures",
		"type": "consumable",
		"img": "images/chest.png",
		"codes": "color_treasures, cdchest, D0chests",
		"swap_actions": true,
		"initial_quantity": 1,
		"max_quantity": 1
	},
	{
		"name": "Generic Small Key",
		"type": "toggle",
		"img": "images/smallKey.png",
		"codes": "genericSmallKey"
	},
	{
		"name": "Generic Big Key",
		"type": "toggle",
		"img": "images/bigKey.png",
		"codes": "genericBigKey"
	},
	{
		"name": "Cello Keys",
		"type": "consumable",
		"img": "images/smallKey.png",
		"codes": "D1SK",
		"max_quantity": 3
	}, {
		"name": "Cello Big Key",
		"type": "toggle",
		"img": "images/bigKey.png",
		"codes": "D1BK"
	}, {
		"name": "Conch Keys",
		"type": "consumable",
		"img": "images/smallKey.png",
		"codes": "D2SK",
		"max_quantity": 5
	}, {
		"name": "Conch Big Key",
		"type": "toggle",
		"img": "images/bigKey.png",
		"codes": "D2BK"
	}, {
		"name": "Bell Keys",
		"type": "consumable",
		"img": "images/smallKey.png",
		"codes": "D3SK",
		"max_quantity": 8
	}, {
		"name": "Bell Big Key",
		"type": "toggle",
		"img": "images/bigKey.png",
		"codes": "D3BK"
	}, {
		"name": "Harp Keys",
		"type": "consumable",
		"img": "images/smallKey.png",
		"codes": "D4SK",
		"max_quantity": 5
	}, {
		"name": "Harp Big Key",
		"type": "toggle",
		"img": "images/bigKey.png",
		"codes": "D4BK"
	}, {
		"name": "Marimba Keys",
		"type": "consumable",
		"img": "images/smallKey.png",
		"codes": "D5SK",
		"max_quantity": 3
	}, {
		"name": "Marimba Big Key",
		"type": "toggle",
		"img": "images/bigKey.png",
		"codes": "D5BK"
	}, {
		"name": "Triangle Keys",
		"type": "consumable",
		"img": "images/smallKey.png",
		"codes": "D6SK",
		"max_quantity": 3
	}, {
		"name": "Triangle Big Key",
		"type": "toggle",
		"img": "images/bigKey.png",
		"codes": "D6BK"
	}, {
		"name": "Organ Keys",
		"type": "consumable",
		"img": "images/smallKey.png",
		"codes": "D7SK",
		"max_quantity": 3
	}, {
		"name": "Organ Big Key",
		"type": "toggle",
		"img": "images/bigKey.png",
		"codes": "D7BK"
	}, {
		"name": "Drum Keys",
		"type": "consumable",
		"img": "images/smallKey.png",
		"codes": "D8SK",
		"max_quantity": 7
	}, {
		"name": "Drum Big Key",
		"type": "toggle",
		"img": "images/bigKey.png",
		"codes": "D8BK"
	}, {
		"name": "Color Keys",
		"type": "consumable",
		"img": "images/smallKey.png",
		"codes": "D0SK",
		"max_quantity": 3
	},
	{
		"name": "Color Big Key",
		"type": "toggle",
		"img": "images/bigKey.png",
		"codes": "D0BK"
	},
	{
		"name": "Sword Shuffle Toggle",
		"type": "progressive",
		"allow_disabled": false,
		"loop": true,
		"initial_stage_idx": 0,
		"stages": [
			{
				"img": "images/sword_1_shuf.png",
				"codes": "setting_sword_shuffle_on"
			},
			{
				"img": "images/sword_1_van.png",
				"codes": "setting_sword_shuffle_off"
			}
		]
	},
	{
		"name": "Shellsanity Toggle",
		"type": "progressive",
		"allow_disabled": false,
		"loop": true,
		"initial_stage_idx": 0,
		"stages": [
			{
				"img": "images/shellsanityoff.png",
				"codes": "setting_shellsanity_off",
				"inherit_codes": false
			},
			{
				"img": "images/shellsanityon.png",
				"codes": "setting_shellsanity_on",
				"inherit_codes": false
			}
		]
	},
	{
		"name": "Heart Piece Shuffle Toggle",
		"type": "progressive",
		"allow_disabled": false,
		"loop": true,
		"initial_stage_idx": 0,
		"stages": [
			{
				"img": "images/heartPieceOn.png",
				"codes": "setting_heartPiece_shuffle_on",
				"inherit_codes": false
			},
			{
				"img": "images/heartPieceOff.png",
				"codes": "setting_heartPiece_shuffle_off",
				"inherit_codes": false
			}
		]
	},
	{
		"name": "Walrus Blockage Toggle",
		"type": "progressive",
		"initial_stage_idx": 1,
		"allow_disabled": false,
		"loop": true,
		"stages": [
			{
				"img": "images/walrus_off.png",
				"codes": "setting_walrus_off",
				"inherit_codes": false
			},
			{
				"img": "images/walrus.png",
				"codes": "setting_walrus_on",
				"inherit_codes": false
			}
		]
	},
	{
		"name": "Egg Open Flag",
		"type": "progressive",
		"initial_stage_idx": 1,
		"allow_disabled": false,
		"loop": true,
		"stages": [
			{
				"img": "images/eggDoorOpen.png",
				"inherit_codes": false,
				"codes": "EggClosed"
			},
			{
				"img": "images/eggDoorClosed.png",
				"inherit_codes": false,
				"codes": "EggOpen"
			}
		]
	},
	{
		"name": "LinkFace",
		"type": "toggle",
		"img": "images/linkface.png",
		"codes": "linkface"
	},
	{
		"name": "Overworld Modifications",
		"type": "progressive",
		"allow_disabled": false,
		"loop": true,
		"initial_stage_idx": 0,
		"stages": [
			{
				"img": "images/overworldModOn.png",
				"inherit_codes": false,
				"codes": "setting_overworldmods_on"
			},
			{
				"img": "images/overworldModOff.png",
				"inherit_codes": false,
				"codes": "setting_overworldmods_off"
			}
		]
	},
	{
		"name": "Cave Connector Modifications",
		"type": "progressive",
		"allow_disabled": false,
		"loop": true,
		"initial_stage_idx": 0,
		"stages": [
			{
				"img": "images/newCaveModsOn.png",
				"inherit_codes": false,
				"codes": "setting_cavemods_on, setting_connectormods_on"
			},
			{
				"img": "images/newCaveModsOff.png",
				"inherit_codes": false,
				"codes": "setting_cavemods_off, setting_connectormods_off"
			}
		]
	},
	{
		"name": "Marin Follow Flag",
		"type": "toggle",
		"img": "images/marinfollow.png",
		"codes": "marinfollow"
	},
	{
		"name": "Dungeon Tracking Toggle",
		"type": "progressive",
		"allow_disabled": false,
		"loop": true,
		"initial_stage_idx": 0,
		"stages": [
			{
				"img": "images/dungeonmapsimple.png",
				"inherit_codes": false,
				"codes": "setting_dungeontracking_simple"
			},
			{
				"img": "images/dungeonmapadvanced.png",
				"inherit_codes": false,
				"codes": "setting_dungeontracking_advanced"
			}
		]
	},
	{
		"name": "Starting House Chest Setting",
		"type": "progressive",
		"allow_disabled": false,
		"initial_stage_idx": 0,
		"loop": true,
		"stages": [
			{
				"img": "images/startChest.png",
				"inherit_codes": false,
				"codes": "setting_startchest_on"
			},
			{
				"img": "images/startChestOff.png",
				"inherit_codes": false,
				"codes": "setting_startchest_off"
			}
		]
	},
	{
		"name": "Beta Cave Setting",
		"type": "progressive",
		"allow_disabled": false,
		"initial_stage_idx": 0,
		"loop": true,
		"stages": [
			{
				"img": "images/betaCave.png",
				"inherit_codes": false,
				"codes": "setting_betacave_on"
			},
			{
				"img": "images/betaCaveOff.png",
				"inherit_codes": false,
				"codes": "setting_betacave_off"
			}
		]
	},
	{
		"name": "a",
		"type": "toggle",
		"img": "images/csa.png",
		"codes": "csa"
	},
	{
		"name": "b",
		"type": "toggle",
		"img": "images/csb.png",
		"codes": "csb"
	},
	{
		"name": "c",
		"type": "toggle",
		"img": "images/csc.png",
		"codes": "csc"
	},
	{
		"name": "d",
		"type": "toggle",
		"img": "images/csd.png",
		"codes": "csd"
	},
	{
		"name": "e",
		"type": "toggle",
		"img": "images/cse.png",
		"codes": "cse"
	},
	{
		"name": "f",
		"type": "toggle",
		"img": "images/csf.png",
		"codes": "csf"
	},
	{
		"name": "g",
		"type": "toggle",
		"img": "images/csg.png",
		"codes": "csg"
	},
	{
		"name": "h",
		"type": "toggle",
		"img": "images/csh.png",
		"codes": "csh"
	},
	{
		"name": "i",
		"type": "toggle",
		"img": "images/csi.png",
		"codes": "csi"
	},
	{
		"name": "j",
		"type": "toggle",
		"img": "images/csj.png",
		"codes": "csj"
	},
	{
		"name": "k",
		"type": "toggle",
		"img": "images/csk.png",
		"codes": "csk"
	},
	{
		"name": "l",
		"type": "toggle",
		"img": "images/csl.png",
		"codes": "csl"
	},
	{
		"name": "m",
		"type": "toggle",
		"img": "images/csm.png",
		"codes": "csm"
	},
	{
		"name": "n",
		"type": "toggle",
		"img": "images/csn.png",
		"codes": "csn"
	},
	{
		"name": "o",
		"type": "toggle",
		"img": "images/cso.png",
		"codes": "cso"
	},
	{
		"name": "p",
		"type": "toggle",
		"img": "images/csp.png",
		"codes": "csp"
	},
	{
		"name": "q",
		"type": "toggle",
		"img": "images/csq.png",
		"codes": "csq"
	},
	{
		"name": "r",
		"type": "toggle",
		"img": "images/csr.png",
		"codes": "csr"
	},
	{
		"name": "s",
		"type": "toggle",
		"img": "images/css.png",
		"codes": "css"
	},
	{
		"name": "t",
		"type": "toggle",
		"img": "images/cst.png",
		"codes": "cst"
	},
	{
		"name": "u",
		"type": "toggle",
		"img": "images/csu.png",
		"codes": "csu"
	},
	{
		"name": "v",
		"type": "toggle",
		"img": "images/csv.png",
		"codes": "csv"
	},
	{
		"name": "w",
		"type": "toggle",
		"img": "images/csw.png",
		"codes": "csw"
	},
	{
		"name": "x",
		"type": "toggle",
		"img": "images/csx.png",
		"codes": "csx"
	},
	{
		"name": "y",
		"type": "toggle",
		"img": "images/csy.png",
		"codes": "csy"
	},
	{
		"name": "z",
		"type": "toggle",
		"img": "images/csz.png",
		"codes": "csz"
	},
	{
		"name": "csd1",
		"type": "toggle",
		"img": "images/csd1.png",
		"codes": "csd1"
	},
	{
		"name": "csd2",
		"type": "toggle",
		"img": "images/csd2.png",
		"codes": "csd2"
	},
	{
		"name": "csd3",
		"type": "toggle",
		"img": "images/csd3.png",
		"codes": "csd3"
	},
	{
		"name": "csd4",
		"type": "toggle",
		"img": "images/csd4.png",
		"codes": "csd4"
	},
	{
		"name": "csd5",
		"type": "toggle",
		"img": "images/csd5.png",
		"codes": "csd5"
	},
	{
		"name": "csd6",
		"type": "toggle",
		"img": "images/csd6.png",
		"codes": "csd6"
	},
	{
		"name": "csd7",
		"type": "toggle",
		"img": "images/csd7.png",
		"codes": "csd7"
	},
	{
		"name": "csd8",
		"type": "toggle",
		"img": "images/csd8.png",
		"codes": "csd8"
	},
	{
		"name": "This location is blocked off from only one side.",
		"type": "toggle",
		"img": "images/csoneway.png",
		"codes": "csoneway"
	},
	{
		"name": "This location has something important.",
		"type": "toggle",
		"img": "images/cstriangle.png",
		"codes": "cstriangle"
	},
	{
		"name": "This location has a chest that hasn't been taken yet.",
		"type": "toggle",
		"img": "images/chest.png",
		"codes": "cschest"
	},
	{
		"name": "This location has the Town Tool Shop.",
		"type": "toggle",
		"img": "images/csshop.png",
		"codes": "csshop"
	},
	{
		"name": "This location has the Trendy Game.",
		"type": "toggle",
		"img": "images/yoshi.png",
		"codes": "cstrendy"
	},
	{
		"name": "This location has a telephone booth.",
		"type": "toggle",
		"img": "images/csphone.png",
		"codes": "csphone"
	},
	{
		"name": "This location has the Color Dungeon.",
		"type": "toggle",
		"img": "images/csd0.png",
		"codes": "csd0"
	},
	{
		"name": "This location has the Dream Shrine.",
		"type": "toggle",
		"img": "images/csbed.png",
		"codes": "csbed"
	},
	{
		"name": "This location has the Rooster's Grave.",
		"type": "toggle",
		"img": "images/csskeleton.png",
		"codes": "csskeleton"
	},
	{
		"name": "This location has the Flying Rooster.",
		"type": "toggle",
		"img": "images/csrooster.png",
		"codes": "csrooster"
	},
	{
		"name": "This location has Richard.",
		"type": "toggle",
		"img": "images/csrichard.png",
		"codes": "csrichard"
	},
	{
		"name": "This location has Crazy Tracy.",
		"type": "toggle",
		"img": "images/cstracy.png",
		"codes": "cstracy"
	},
	{
		"name": "This location has Syrup the Witch.",
		"type": "toggle",
		"img": "images/cssyrup.png",
		"codes": "cssyrup"
	},
	{
		"name": "This location has Manbo.",
		"type": "toggle",
		"img": "images/manbo.png",
		"codes": "csmanbo"
	},
	{
		"name": "This location has Mamu.",
		"type": "toggle",
		"img": "images/csfrog.png",
		"codes": "csfrog"
	},
	{
		"name": "This location has Mrs. Papahl.",
		"type": "toggle",
		"img": "images/csmama.png",
		"codes": "csmama"
	},
	{
		"name": "This location has Madam MeowMeow.",
		"type": "toggle",
		"img": "images/csmeow.png",
		"codes": "csmeow"
	},
	{
		"name": "This location has Sale.",
		"type": "toggle",
		"img": "images/cscroc.png",
		"codes": "cscroc"
	},
	{
		"name": "This location has Chef Bear.",
		"type": "toggle",
		"img": "images/csbear.png",
		"codes": "csbear"
	},
	{
		"name": "This location has Papahl.",
		"type": "toggle",
		"img": "images/cspapa.png",
		"codes": "cspapa"
	},
	{
		"name": "This location has Christine.",
		"type": "toggle",
		"img": "images/csgoat.png",
		"codes": "csgoat"
	},
	{
		"name": "This location has Mr. Wright.",
		"type": "toggle",
		"img": "images/cswright.png",
		"codes": "cswright"
	},
	{
		"name": "This location has the boomerang salesman.",
		"type": "toggle",
		"img": "images/csboomerang.png",
		"codes": "csboomerang"
	},
	{
		"name": "This location has a Mad Batter.",
		"type": "toggle",
		"img": "images/madbatter.png",
		"codes": "csbatter"
	},
	{
		"name": "This location has an out-of-reach Piece of Heart.",
		"type": "toggle",
		"img": "images/heartPiece.png",
		"codes": "cspoh"
	},
	{
		"name": "This location has an out-of-reach seashell.",
		"type": "toggle",
		"img": "images/shell.png",
		"codes": "csshell"
	},
	{
		"name": "This location has CiaoCiao",
		"type": "toggle",
		"img": "images/csciao.png",
		"codes": "csciao"
	},
	{
		"name": "This location has the Moblin Cave.",
		"type": "toggle",
		"img": "images/csmoblin.png",
		"codes": "csmoblin"
	},
	{
		"name": "This location requires a sword.",
		"type": "toggle",
		"img": "images/sword_1.png",
		"codes": "cssword"
	},
	{
		"name": "This location requires the bombs.",
		"type": "toggle",
		"img": "images/bomb.png",
		"codes": "csbomb"
	},
	{
		"name": "This location requires the feather.",
		"type": "toggle",
		"img": "images/feather.png",
		"codes": "csfeather"
	},
	{
		"name": "This location requires the Power Bracelet.",
		"type": "toggle",
		"img": "images/bracelet_1.png",
		"codes": "cslift"
	},
	{
		"name": "This location requires the Pegasus Boots.",
		"type": "toggle",
		"img": "images/boots.png",
		"codes": "csboots"
	},
	{
		"name": "This location requires the Flippers.",
		"type": "toggle",
		"img": "images/flippers.png",
		"codes": "csflippers"
	},
	{
		"name": "This location requires the Hookshot.",
		"type": "toggle",
		"img": "images/hookshot.png",
		"codes": "cshookshot"
	},
	{
		"name": "This location requires the Mirror Shield.",
		"type": "toggle",
		"img": "images/shield_2.png",
		"codes": "csmirror"
	},
	{
		"name": "Debug Flag",
		"type": "toggle",
		"img": "images/linkface.png",
		"codes": "debugFlag"
	}
]