﻿[
	{
		"name": "Feather",
		"type": "toggle",
		"loop": true,
		"img": "images/feather.png",
		"codes": "feather"
	},
	{
		"name": "Bow",
		"type": "progressive",
		"loop": true,
		"allow_disabled": false,
		"stages": [
			{
				"img": "images/bow.png",
				"img_mods": "@disabled"
			},
			{
				"img": "images/bow.png",
				"codes": "bow"
			}
		]
	},
	{
		"name": "Hookshot",
		"type": "toggle",
		"loop": true,
		"img": "images/hookshot.png",
		"codes": "hookshot, hs"
	},
	{
		"name": "Magical Rod",
		"type": "toggle",
		"loop": true,
		"img": "images/fire_rod.png",
		"codes": "firerod, rod"
	},
	{
		"name": "Trade",
		"type": "progressive",
		"stages": [
			{
				"img": "images/yoshi.png",
				"codes": "yoshi",
				"inherit_codes": false
			},
			{
				"img": "images/ribbon.png",
				"codes": "ribbon",
				"inherit_codes": false
			},
			{
				"img": "images/food.png",
				"codes": "food",
				"inherit_codes": false
			},
			{
				"img": "images/bananas.png",
				"codes": "bananas",
				"inherit_codes": false
			},
			{
				"img": "images/stick.png",
				"codes": "stick",
				"inherit_codes": false
			},
			{
				"img": "images/honey.png",
				"codes": "honey,beehive,hive",
				"inherit_codes": false
			},
			{
				"img": "images/pineapple.png",
				"codes": "pineapple",
				"inherit_codes": false
			},
			{
				"img": "images/flower.png",
				"codes": "flower",
				"inherit_codes": false
			},
			{
				"img": "images/letter.png",
				"codes": "letter",
				"inherit_codes": false
			},
			{
				"img": "images/broom.png",
				"codes": "broom",
				"inherit_codes": false
			},
			{
				"img": "images/hook.png",
				"codes": "hook",
				"inherit_codes": false
			},
			{
				"img": "images/bra.png",
				"codes": "bra,necklace",
				"inherit_codes": false
			},
			{
				"img": "images/scale.png",
				"codes": "scale",
				"inherit_codes": false
			},
			{
				"img": "images/lens.png",
				"codes": "lens",
				"inherit_codes": false
			}
		]
	},
	{
		"name": "Shovel",
		"type": "toggle",
		"loop": true,
		"img": "images/shovel.png",
		"codes": "shovel"
	},
	{
		"name": "Bombs",
		"type": "toggle",
		"loop": true,
		"img": "images/bomb.png",
		"codes": "bomb, bombs"
	},
	{
		"name": "Ocarina",
		"type": "toggle",
		"loop": true,
		"img": "images/ocarina.png",
		"codes": "flute,ocarina"
	},
	{
		"name": "Bracelet",
		"type": "progressive",
		"loop": true,
		"stages": [{
				"img": "images/bracelet_1.png",
				"codes": "bracelet,lift1"
			},
			{
				"img": "images/bracelet_2.png",
				"codes": "bracelet2,lift2"
			}
		]
	}, 
	{
		"name": "Pegasus Boots",
		"type": "toggle",
		"loop": true,
		"img": "images/boots.png",
		"codes": "boots"
	}, 
	{
		"name": "Boomerang",
		"type": "toggle",
		"loop": true,
		"img": "images/boomerang.png",
		"codes": "boomerang"
	},
	{
		"name": "BowWow",
		"type": "toggle",
		"loop": true,
		"img": "images/chomp.png",
		"codes": "chomp,bowwow"
	}, 
	{
		"name": "Walrus",
		"type": "toggle",
		"img": "images/walrus.png",
		"codes": "walrus"
	}, 
	{
		"name": "Rooster",
		"type": "toggle",
		"img": "images/rooster.png",
		"codes": "rooster"
	}, 
	{
		"name": "Zora's Flippers",
		"type": "toggle",
		"loop": true,
		"img": "images/flippers.png",
		"codes": "flippers"
	}, 
	{
		"name": "Sword",
		"type": "progressive",
		"loop": true,
		"stages": [
			{
				"img": "images/sword_1.png",
				"codes": "sword, sword1"
			},
			{
				"img": "images/sword_2.png",
				"codes": "sword2"
			}
		]
	}, 
	{
		"name": "Shield",
		"type": "progressive",
		"loop": true,
		"stages": [
			{
				"img": "images/shield_1.png",
				"codes": "shield,shield1"
			},
			{
				"img": "images/shield_2.png",
				"codes": "shield2,mirrorshield, mirror"
			}
		]
	}, 
	{
		"name": "Clothes",
		"type": "progressive",
		"allow_disabled": false,
		"stages": [{
				"img": "images/green_mail.png",
				"codes": "armor, armor1,"
			},
			{
				"img": "images/redblue_mail.png",
				"codes": "armor2,redmail,bluemail",
				"inherit_codes": false
			}
		]
	}, 
	{
		"name": "Ballad of the Wind Fish",
		"type": "toggle",
		"loop": true,
		"img": "images/marin.png",
		"codes": "marin, ballad"
	}, 
	{
		"name": "Manbo's Mambo",
		"type": "toggle",
		"loop": true,
		"img": "images/manbo.png",
		"codes": "manbo, mambo"
	}, 
	{
		"name": "Frog's Song of Soul",
		"type": "toggle",
		"loop": true,
		"img": "images/frog.png",
		"codes": "frog, soul"
	},
	{
		"name": "Ballad + Check",
		"type": "toggle_badged",
		"base_item": "marin",
		"img": "images/overlay_check.png",
		"codes": "balladcheck, marincheck"
	},
	{
		"name": "Manbo + Check",
		"type": "toggle_badged",
		"base_item": "manbo",
		"img": "images/overlay_check.png",
		"codes": "manbocheck, mambocheck"
	},
	{
		"name": "Soul + Check",
		"type": "toggle_badged",
		"base_item": "soul",
		"img": "images/overlay_check.png",
		"codes": "soulcheck, frogcheck"
	},
	{
		"name": "Piece of Heart",
		"type": "consumable",
		"img": "images/heartPiece.png",
		"codes": "poh,heartpiece,heart",
		"max_quantity": 12
	},
	{
		"name": "Tail Key",
		"type": "toggle",
		"loop": true,
		"img": "images/tail_key.png",
		"codes": "tail,tailkey"
	},
	{
		"name": "Generic Small Key",
		"type": "toggle",
		"img": "images/smallKey.png",
		"codes": "GSK"
	},
	{
		"name": "Generic Big Key",
		"type": "toggle",
		"img": "images/bigKey.png",
		"codes": "GBK"
	},
	{
		"name": "Slime Key",
		"type": "toggle",
		"loop": true,
		"img": "images/slime_key.png",
		"codes": "slime,slimekey"
	},
	{
		"name": "Angler Key",
		"type": "toggle",
		"loop": true,
		"img": "images/angler_key.png",
		"codes": "angler,anglerkey"
	},
	{
		"name": "Face Key",
		"type": "toggle",
		"loop": true,
		"img": "images/face_key.png",
		"codes": "face,facekey"
	},
	{
		"name": "Bird Key",
		"type": "toggle",
		"loop": true,
		"img": "images/eagle_key.png",
		"codes": "eagle, eaglekey, bird"
	},
	{
		"name": "D1 Chests",
		"type": "progressive",
		"allow_disabled": "false",
		"stages": [
			{
				"img": "images/chest11green.png",
				"codes": "cello_treasures,tcchest, D1chests"
			},
			{
				"img": "images/chest10.png",
				"inherit_codes": true
			},
			{
				"img": "images/chest9.png",
				"inherit_codes": true
			},
			{
				"img": "images/chest8.png",
				"inherit_codes": true
			},
			{
				"img": "images/chest7.png",
				"inherit_codes": true
			},
			{
				"img": "images/chest6.png",
				"inherit_codes": true
			},
			{
				"img": "images/chest5.png",
				"inherit_codes": true
			},
			{
				"img": "images/chest4.png",
				"inherit_codes": true
			},
			{
				"img": "images/chest3.png",
				"inherit_codes": true
			},
			{
				"img": "images/chest2.png",
				"inherit_codes": true
			},
			{
				"img": "images/chest1.png",
				"inherit_codes": true
			},
			{
				"img": "images/chest-open.png",
				"inherit_codes": true
			}
		]
	},
	{
		"name": "D2 Chests",
		"type": "progressive",
		"allow_disabled": "false",
		"stages": [
			{
				"img": "images/chest13green.png",
				"codes": "conch_treasures,bgchest, D2chests"
			},
			{
				"img": "images/chest12.png",
				"inherit_codes": true
			},
			{
				"img": "images/chest11.png",
				"inherit_codes": true
			},
			{
				"img": "images/chest10.png",
				"inherit_codes": true
			},
			{
				"img": "images/chest9.png",
				"inherit_codes": true
			},
			{
				"img": "images/chest8.png",
				"inherit_codes": true
			},
			{
				"img": "images/chest7.png",
				"inherit_codes": true
			},
			{
				"img": "images/chest6.png",
				"inherit_codes": true
			},
			{
				"img": "images/chest5.png",
				"inherit_codes": true
			},
			{
				"img": "images/chest4.png",
				"inherit_codes": true
			},
			{
				"img": "images/chest3.png",
				"inherit_codes": true
			},
			{
				"img": "images/chest2.png",
				"inherit_codes": true
			},
			{
				"img": "images/chest1.png",
				"inherit_codes": true
			},
			{
				"img": "images/chest-open.png",
				"inherit_codes": true
			}
		]
	}, 
	{
		"name": "D3 Chests",
		"type": "progressive",
		"allow_disabled": "false",
		"stages": [
			{
				"img": "images/chest18green.png",
				"codes": "bell_treasures,kcchest, D3chests"
			},
			{
				"img": "images/chest17.png",
				"inherit_codes": true
			},
			{
				"img": "images/chest16.png",
				"inherit_codes": true
			},
			{
				"img": "images/chest15.png",
				"inherit_codes": true
			},
			{
				"img": "images/chest14.png",
				"inherit_codes": true
			},
			{
				"img": "images/chest13.png",
				"inherit_codes": true
			},
			{
				"img": "images/chest12.png",
				"inherit_codes": true
			},
			{
				"img": "images/chest11.png",
				"inherit_codes": true
			},
			{
				"img": "images/chest10.png",
				"inherit_codes": true
			},
			{
				"img": "images/chest9.png",
				"inherit_codes": true
			},
			{
				"img": "images/chest8.png",
				"inherit_codes": true
			},
			{
				"img": "images/chest7.png",
				"inherit_codes": true
			},
			{
				"img": "images/chest6.png",
				"inherit_codes": true
			},
			{
				"img": "images/chest5.png",
				"inherit_codes": true
			},
			{
				"img": "images/chest4.png",
				"inherit_codes": true
			},
			{
				"img": "images/chest3.png",
				"inherit_codes": true
			},
			{
				"img": "images/chest2.png",
				"inherit_codes": true
			},
			{
				"img": "images/chest1.png",
				"inherit_codes": true
			},
			{
				"img": "images/chest-open.png",
				"inherit_codes": true
			}
		]
	},
	{
		"name": "D4 Chests",
		"type": "progressive",
		"allow_disabled": "false",
		"stages": [
			{
				"img": "images/chest14green.png",
				"codes": "harp_treasures,atchest, D4chests"
			},
			{
				"img": "images/chest13.png",
				"inherit_codes": true
			},
			{
				"img": "images/chest12.png",
				"inherit_codes": true
			},
			{
				"img": "images/chest11.png",
				"inherit_codes": true
			},
			{
				"img": "images/chest10.png",
				"inherit_codes": true
			},
			{
				"img": "images/chest9.png",
				"inherit_codes": true
			},
			{
				"img": "images/chest8.png",
				"inherit_codes": true
			},
			{
				"img": "images/chest7.png",
				"inherit_codes": true
			},
			{
				"img": "images/chest6.png",
				"inherit_codes": true
			},
			{
				"img": "images/chest5.png",
				"inherit_codes": true
			},
			{
				"img": "images/chest4.png",
				"inherit_codes": true
			},
			{
				"img": "images/chest3.png",
				"inherit_codes": true
			},
			{
				"img": "images/chest2.png",
				"inherit_codes": true
			},
			{
				"img": "images/chest1.png",
				"inherit_codes": true
			},
			{
				"img": "images/chest-open.png",
				"inherit_codes": true
			}
		]
	},
	{
		"name": "D5 Chests",
		"type": "progressive",
		"allow_disabled": "false",
		"stages": [
			{
				"img": "images/chest12green.png",
				"codes": "marimba_treasures,cmchest, D5chests"
			},
			{
				"img": "images/chest11.png",
				"inherit_codes": true
			},
			{
				"img": "images/chest10.png",
				"inherit_codes": true
			},
			{
				"img": "images/chest9.png",
				"inherit_codes": true
			},
			{
				"img": "images/chest8.png",
				"inherit_codes": true
			},
			{
				"img": "images/chest7.png",
				"inherit_codes": true
			},
			{
				"img": "images/chest6.png",
				"inherit_codes": true
			},
			{
				"img": "images/chest5.png",
				"inherit_codes": true
			},
			{
				"img": "images/chest4.png",
				"inherit_codes": true
			},
			{
				"img": "images/chest3.png",
				"inherit_codes": true
			},
			{
				"img": "images/chest2.png",
				"inherit_codes": true
			},
			{
				"img": "images/chest1.png",
				"inherit_codes": true
			},
			{
				"img": "images/chest-open.png",
				"inherit_codes": true
			}
		]
	},
	{
		"name": "D6 Chests",
		"type": "progressive",
		"allow_disabled": "false",
		"stages": [
			{
				"img": "images/chest14green.png",
				"codes": "triangle_treasures, fschest, D6chests"
			},
			{
				"img": "images/chest13.png",
				"inherit_codes":true
			},
			{
				"img": "images/chest12.png",
				"inherit_codes":true
			},
			{
				"img": "images/chest11.png",
				"inherit_codes": true
			},
			{
				"img": "images/chest10.png",
				"inherit_codes": true
			},
			{
				"img": "images/chest9.png",
				"inherit_codes": true
			},
			{
				"img": "images/chest8.png",
				"inherit_codes": true
			},
			{
				"img": "images/chest7.png",
				"inherit_codes": true
			},
			{
				"img": "images/chest6.png",
				"inherit_codes": true
			},
			{
				"img": "images/chest5.png",
				"inherit_codes": true
			},
			{
				"img": "images/chest4.png",
				"inherit_codes": true
			},
			{
				"img": "images/chest3.png",
				"inherit_codes": true
			},
			{
				"img": "images/chest2.png",
				"inherit_codes": true
			},
			{
				"img": "images/chest1.png",
				"inherit_codes": true
			},
			{
				"img": "images/chest-open.png",
				"inherit_codes": true
			}
		]
	},
	{
		"name": "D7 Chests",
		"type": "progressive",
		"allow_disabled": "false",
		"stages": [
			{
				"img": "images/chest12green.png",
				"codes": "organ_treasures,etchest, D7chests"
			},
			{
				"img": "images/chest11.png",
				"inherit_codes": true
			},
			{
				"img": "images/chest10.png",
				"inherit_codes": true
			},
			{
				"img": "images/chest9.png",
				"inherit_codes": true
			},
			{
				"img": "images/chest8.png",
				"inherit_codes": true
			},
			{
				"img": "images/chest7.png",
				"inherit_codes": true
			},
			{
				"img": "images/chest6.png",
				"inherit_codes": true
			},
			{
				"img": "images/chest5.png",
				"inherit_codes": true
			},
			{
				"img": "images/chest4.png",
				"inherit_codes": true
			},
			{
				"img": "images/chest3.png",
				"inherit_codes": true
			},
			{
				"img": "images/chest2.png",
				"inherit_codes": true
			},
			{
				"img": "images/chest1.png",
				"inherit_codes": true
			},
			{
				"img": "images/chest-open.png",
				"inherit_codes": true
			}
		]
	},
	{
		"name": "D8 Chests",
		"type": "progressive",
		"allow_disabled": "false",
		"stages": [
			{
				"img": "images/chest18green.png",
				"codes": "drum_treasures,trchest, D8chests"
			},
			{
				"img": "images/chest17.png",
				"inherit_codes":true
			},
			{
				"img": "images/chest16.png",
				"inherit_codes":true
			},
			{
				"img": "images/chest15.png",
				"inherit_codes": true
			},
			{
				"img": "images/chest14.png",
				"inherit_codes": true
			},
			{
				"img": "images/chest13.png",
				"inherit_codes": true
			},
			{
				"img": "images/chest12.png",
				"inherit_codes": true
			},
			{
				"img": "images/chest11.png",
				"inherit_codes": true
			},
			{
				"img": "images/chest10.png",
				"inherit_codes": true
			},
			{
				"img": "images/chest9.png",
				"inherit_codes": true
			},
			{
				"img": "images/chest8.png",
				"inherit_codes": true
			},
			{
				"img": "images/chest7.png",
				"inherit_codes": true
			},
			{
				"img": "images/chest6.png",
				"inherit_codes": true
			},
			{
				"img": "images/chest5.png",
				"inherit_codes": true
			},
			{
				"img": "images/chest4.png",
				"inherit_codes": true
			},
			{
				"img": "images/chest3.png",
				"inherit_codes": true
			},
			{
				"img": "images/chest2.png",
				"inherit_codes": true
			},
			{
				"img": "images/chest1.png",
				"inherit_codes": true
			},
			{
				"img": "images/chest-open.png",
				"inherit_codes": true
			}
		]
	},
	{
		"name": "Evil Orb",
		"type": "toggle",
		"img": "images/tinyEvilOrb.png",
		"codes": "color, cd, evilorb"
	},
	{
		"name": "D0 Chests",
		"type": "progressive",
		"allow_disabled": "false",
		"stages": [
			{
				"img": "images/chest10green.png",
				"codes": "color_treasures, cdchest, D0chests"
			},
			{
				"img": "images/chest9.png",
				"inherit_codes": true
			},
			{
				"img": "images/chest8.png",
				"inherit_codes": true
			},
			{
				"img": "images/chest7.png",
				"inherit_codes": true
			},
			{
				"img": "images/chest6.png",
				"inherit_codes": true
			},
			{
				"img": "images/chest5.png",
				"inherit_codes": true
			},
			{
				"img": "images/chest4.png",
				"inherit_codes": true
			},
			{
				"img": "images/chest3.png",
				"inherit_codes": true
			},
			{
				"img": "images/chest2.png",
				"inherit_codes": true
			},
			{
				"img": "images/chest1.png",
				"inherit_codes": true
			},
			{
				"img": "images/chest-open.png",
				"inherit_codes": true
			}
		]
	},
	{
		"name": "D1 Keys",
		"type": "consumable",
		"img": "images/smallKey.png",
		"codes": "D1SK",
		"max_quantity": 3
	}, 
	{
		"name": "D1 Big Key",
		"type": "toggle",
		"img": "images/bigKey.png",
		"codes": "D1BK"
	}, 
	{
		"name": "D2 Keys",
		"type": "consumable",
		"img": "images/smallKey.png",
		"codes": "D2SK",
		"max_quantity": 5
	}, 
	{
		"name": "D2 Big Key",
		"type": "toggle",
		"img": "images/bigKey.png",
		"codes": "D2BK"
	}, 
	{
		"name": "D3 Big Key",
		"type": "toggle",
		"img": "images/bigKey.png",
		"codes": "D3BK"
	}, 
	{
		"name": "D4 Keys",
		"type": "consumable",
		"img": "images/smallKey.png",
		"codes": "D4SK",
		"max_quantity": 5
	}, 
	{
		"name": "D4 Big Key",
		"type": "toggle",
		"img": "images/bigKey.png",
		"codes": "D4BK"
	}, 
	{
		"name": "D5 Keys",
		"type": "consumable",
		"img": "images/smallKey.png",
		"codes": "D5SK",
		"max_quantity": 3
	}, 
	{
		"name": "D5 Big Key",
		"type": "toggle",
		"img": "images/bigKey.png",
		"codes": "D5BK"
	}, 
	{
		"name": "D6 Keys",
		"type": "consumable",
		"img": "images/smallKey.png",
		"codes": "D6SK",
		"max_quantity": 3
	}, 
	{
		"name": "D6 Big Key",
		"type": "toggle",
		"img": "images/bigKey.png",
		"codes": "D6BK"
	}, 
	{
		"name": "D7 Keys",
		"type": "consumable",
		"img": "images/smallKey.png",
		"codes": "D7SK",
		"max_quantity": 3
	}, 
	{
		"name": "D7 Big Key",
		"type": "toggle",
		"img": "images/bigKey.png",
		"codes": "D7BK"
	}, 
	{
		"name": "D8 Keys",
		"type": "consumable",
		"img": "images/smallKey.png",
		"codes": "D8SK",
		"max_quantity": 7
	}, 
	{
		"name": "D8 Big Key",
		"type": "toggle",
		"img": "images/bigKey.png",
		"codes": "D8BK"
	}, 
	{
		"name": "D0 Keys",
		"type": "consumable",
		"img": "images/smallKey.png",
		"codes": "D0SK",
		"max_quantity": 3
	},
	{
		"name": "D0 Big Key",
		"type": "toggle",
		"img": "images/bigKey.png",
		"codes": "D0BK"
	},
	{
		"name": "Marin Follow Flag",
		"type": "toggle",
		"img": "images/marinfollow.png",
		"codes": "marinfollow"
	},
	{
		"name": "D0 Dungeon Shuffle",
		"type": "progressive",
		"allow_disabled": false,
		"initial_stage_idx": 0,
		"loop": true,
		"stages": [
			{
				"img": "images/dungeonshuffle/unknownent.png",
				"inherit_codes": false,
				"codes": "D0unknownent"
			},
			{
				"img": "images/dungeonshuffle/D0ent.png",
				"inherit_codes": false,
				"codes": "D0@D0"
			},
			{
				"img": "images/dungeonshuffle/D1ent.png",
				"inherit_codes": false,
				"codes": "D0@D1"
			},
			{
				"img": "images/dungeonshuffle/D2ent.png",
				"inherit_codes": false,
				"codes": "D0@D2"
			},
			{
				"img": "images/dungeonshuffle/D3ent.png",
				"inherit_codes": false,
				"codes": "D0@D3"
			},
			{
				"img": "images/dungeonshuffle/D4ent.png",
				"inherit_codes": false,
				"codes": "D0@D4"
			},
			{
				"img": "images/dungeonshuffle/D5ent.png",
				"inherit_codes": false,
				"codes": "D0@D5"
			},
			{
				"img": "images/dungeonshuffle/D6ent.png",
				"inherit_codes": false,
				"codes": "D0@D6"
			},
			{
				"img": "images/dungeonshuffle/D7ent.png",
				"inherit_codes": false,
				"codes": "D0@D7"
			},
			{
				"img": "images/dungeonshuffle/D8ent.png",
				"inherit_codes": false,
				"codes": "D0@D8"
			}
		]
	},
	{
		"name": "D1 Dungeon Shuffle",
		"type": "progressive",
		"allow_disabled": false,
		"initial_stage_idx": 0,
		"loop": true,
		"stages": [
			{
				"img": "images/dungeonshuffle/unknownent.png",
				"inherit_codes": false,
				"codes": "D1unknownent"
			},
			{
				"img": "images/dungeonshuffle/D0ent.png",
				"inherit_codes": false,
				"codes": "D1@D0"
			},
			{
				"img": "images/dungeonshuffle/D1ent.png",
				"inherit_codes": false,
				"codes": "D1@D1"
			},
			{
				"img": "images/dungeonshuffle/D2ent.png",
				"inherit_codes": false,
				"codes": "D1@D2"
			},
			{
				"img": "images/dungeonshuffle/D3ent.png",
				"inherit_codes": false,
				"codes": "D1@D3"
			},
			{
				"img": "images/dungeonshuffle/D4ent.png",
				"inherit_codes": false,
				"codes": "D1@D4"
			},
			{
				"img": "images/dungeonshuffle/D5ent.png",
				"inherit_codes": false,
				"codes": "D1@D5"
			},
			{
				"img": "images/dungeonshuffle/D6ent.png",
				"inherit_codes": false,
				"codes": "D1@D6"
			},
			{
				"img": "images/dungeonshuffle/D7ent.png",
				"inherit_codes": false,
				"codes": "D1@D7"
			},
			{
				"img": "images/dungeonshuffle/D8ent.png",
				"inherit_codes": false,
				"codes": "D1@D8"
			}
		]
	},
	{
		"name": "D2 Dungeon Shuffle",
		"type": "progressive",
		"allow_disabled": false,
		"initial_stage_idx": 0,
		"loop": true,
		"stages": [
			{
				"img": "images/dungeonshuffle/unknownent.png",
				"inherit_codes": false,
				"codes": "D2unknownent"
			},
			{
				"img": "images/dungeonshuffle/D0ent.png",
				"inherit_codes": false,
				"codes": "D2@D0"
			},
			{
				"img": "images/dungeonshuffle/D1ent.png",
				"inherit_codes": false,
				"codes": "D2@D1"
			},
			{
				"img": "images/dungeonshuffle/D2ent.png",
				"inherit_codes": false,
				"codes": "D2@D2"
			},
			{
				"img": "images/dungeonshuffle/D3ent.png",
				"inherit_codes": false,
				"codes": "D2@D3"
			},
			{
				"img": "images/dungeonshuffle/D4ent.png",
				"inherit_codes": false,
				"codes": "D2@D4"
			},
			{
				"img": "images/dungeonshuffle/D5ent.png",
				"inherit_codes": false,
				"codes": "D2@D5"
			},
			{
				"img": "images/dungeonshuffle/D6ent.png",
				"inherit_codes": false,
				"codes": "D2@D6"
			},
			{
				"img": "images/dungeonshuffle/D7ent.png",
				"inherit_codes": false,
				"codes": "D2@D7"
			},
			{
				"img": "images/dungeonshuffle/D8ent.png",
				"inherit_codes": false,
				"codes": "D2@D8"
			}
		]
	},
	{
		"name": "D3 Dungeon Shuffle",
		"type": "progressive",
		"allow_disabled": false,
		"initial_stage_idx": 0,
		"loop": true,
		"stages": [
			{
				"img": "images/dungeonshuffle/unknownent.png",
				"inherit_codes": false,
				"codes": "D3unknownent"
			},
			{
				"img": "images/dungeonshuffle/D0ent.png",
				"inherit_codes": false,
				"codes": "D3@D0"
			},
			{
				"img": "images/dungeonshuffle/D1ent.png",
				"inherit_codes": false,
				"codes": "D3@D1"
			},
			{
				"img": "images/dungeonshuffle/D2ent.png",
				"inherit_codes": false,
				"codes": "D3@D2"
			},
			{
				"img": "images/dungeonshuffle/D3ent.png",
				"inherit_codes": false,
				"codes": "D3@D3"
			},
			{
				"img": "images/dungeonshuffle/D4ent.png",
				"inherit_codes": false,
				"codes": "D3@D4"
			},
			{
				"img": "images/dungeonshuffle/D5ent.png",
				"inherit_codes": false,
				"codes": "D3@D5"
			},
			{
				"img": "images/dungeonshuffle/D6ent.png",
				"inherit_codes": false,
				"codes": "D3@D6"
			},
			{
				"img": "images/dungeonshuffle/D7ent.png",
				"inherit_codes": false,
				"codes": "D3@D7"
			},
			{
				"img": "images/dungeonshuffle/D8ent.png",
				"inherit_codes": false,
				"codes": "D3@D8"
			}
		]
	},
	{
		"name": "D4 Dungeon Shuffle",
		"type": "progressive",
		"allow_disabled": false,
		"initial_stage_idx": 0,
		"loop": true,
		"stages": [
			{
				"img": "images/dungeonshuffle/unknownent.png",
				"inherit_codes": false,
				"codes": "D4unknownent"
			},
			{
				"img": "images/dungeonshuffle/D0ent.png",
				"inherit_codes": false,
				"codes": "D4@D0"
			},
			{
				"img": "images/dungeonshuffle/D1ent.png",
				"inherit_codes": false,
				"codes": "D4@D1"
			},
			{
				"img": "images/dungeonshuffle/D2ent.png",
				"inherit_codes": false,
				"codes": "D4@D2"
			},
			{
				"img": "images/dungeonshuffle/D3ent.png",
				"inherit_codes": false,
				"codes": "D4@D3"
			},
			{
				"img": "images/dungeonshuffle/D4ent.png",
				"inherit_codes": false,
				"codes": "D4@D4"
			},
			{
				"img": "images/dungeonshuffle/D5ent.png",
				"inherit_codes": false,
				"codes": "D4@D5"
			},
			{
				"img": "images/dungeonshuffle/D6ent.png",
				"inherit_codes": false,
				"codes": "D4@D6"
			},
			{
				"img": "images/dungeonshuffle/D7ent.png",
				"inherit_codes": false,
				"codes": "D4@D7"
			},
			{
				"img": "images/dungeonshuffle/D8ent.png",
				"inherit_codes": false,
				"codes": "D4@D8"
			}
		]
	},
	{
		"name": "D5 Dungeon Shuffle",
		"type": "progressive",
		"allow_disabled": false,
		"initial_stage_idx": 0,
		"loop": true,
		"stages": [
			{
				"img": "images/dungeonshuffle/unknownent.png",
				"inherit_codes": false,
				"codes": "D5unknownent"
			},
			{
				"img": "images/dungeonshuffle/D0ent.png",
				"inherit_codes": false,
				"codes": "D5@D0"
			},
			{
				"img": "images/dungeonshuffle/D1ent.png",
				"inherit_codes": false,
				"codes": "D5@D1"
			},
			{
				"img": "images/dungeonshuffle/D2ent.png",
				"inherit_codes": false,
				"codes": "D5@D2"
			},
			{
				"img": "images/dungeonshuffle/D3ent.png",
				"inherit_codes": false,
				"codes": "D5@D3"
			},
			{
				"img": "images/dungeonshuffle/D4ent.png",
				"inherit_codes": false,
				"codes": "D5@D4"
			},
			{
				"img": "images/dungeonshuffle/D5ent.png",
				"inherit_codes": false,
				"codes": "D5@D5"
			},
			{
				"img": "images/dungeonshuffle/D6ent.png",
				"inherit_codes": false,
				"codes": "D5@D6"
			},
			{
				"img": "images/dungeonshuffle/D7ent.png",
				"inherit_codes": false,
				"codes": "D5@D7"
			},
			{
				"img": "images/dungeonshuffle/D8ent.png",
				"inherit_codes": false,
				"codes": "D5@D8"
			}
		]
	},
	{
		"name": "D6 Dungeon Shuffle",
		"type": "progressive",
		"allow_disabled": false,
		"initial_stage_idx": 0,
		"loop": true,
		"stages": [
			{
				"img": "images/dungeonshuffle/unknownent.png",
				"inherit_codes": false,
				"codes": "D6unknownent"
			},
			{
				"img": "images/dungeonshuffle/D0ent.png",
				"inherit_codes": false,
				"codes": "D6@D0"
			},
			{
				"img": "images/dungeonshuffle/D1ent.png",
				"inherit_codes": false,
				"codes": "D6@D1"
			},
			{
				"img": "images/dungeonshuffle/D2ent.png",
				"inherit_codes": false,
				"codes": "D6@D2"
			},
			{
				"img": "images/dungeonshuffle/D3ent.png",
				"inherit_codes": false,
				"codes": "D6@D3"
			},
			{
				"img": "images/dungeonshuffle/D4ent.png",
				"inherit_codes": false,
				"codes": "D6@D4"
			},
			{
				"img": "images/dungeonshuffle/D5ent.png",
				"inherit_codes": false,
				"codes": "D6@D5"
			},
			{
				"img": "images/dungeonshuffle/D6ent.png",
				"inherit_codes": false,
				"codes": "D6@D6"
			},
			{
				"img": "images/dungeonshuffle/D7ent.png",
				"inherit_codes": false,
				"codes": "D6@D7"
			},
			{
				"img": "images/dungeonshuffle/D8ent.png",
				"inherit_codes": false,
				"codes": "D6@D8"
			}
		]
	},
	{
		"name": "D7 Dungeon Shuffle",
		"type": "progressive",
		"allow_disabled": false,
		"initial_stage_idx": 0,
		"loop": true,
		"stages": [
			{
				"img": "images/dungeonshuffle/unknownent.png",
				"inherit_codes": false,
				"codes": "D7unknownent"
			},
			{
				"img": "images/dungeonshuffle/D0ent.png",
				"inherit_codes": false,
				"codes": "D7@D0"
			},
			{
				"img": "images/dungeonshuffle/D1ent.png",
				"inherit_codes": false,
				"codes": "D7@D1"
			},
			{
				"img": "images/dungeonshuffle/D2ent.png",
				"inherit_codes": false,
				"codes": "D7@D2"
			},
			{
				"img": "images/dungeonshuffle/D3ent.png",
				"inherit_codes": false,
				"codes": "D7@D3"
			},
			{
				"img": "images/dungeonshuffle/D4ent.png",
				"inherit_codes": false,
				"codes": "D7@D4"
			},
			{
				"img": "images/dungeonshuffle/D5ent.png",
				"inherit_codes": false,
				"codes": "D7@D5"
			},
			{
				"img": "images/dungeonshuffle/D6ent.png",
				"inherit_codes": false,
				"codes": "D7@D6"
			},
			{
				"img": "images/dungeonshuffle/D7ent.png",
				"inherit_codes": false,
				"codes": "D7@D7"
			},
			{
				"img": "images/dungeonshuffle/D8ent.png",
				"inherit_codes": false,
				"codes": "D7@D8"
			}
		]
	},
	{
		"name": "D8 Dungeon Shuffle",
		"type": "progressive",
		"allow_disabled": false,
		"initial_stage_idx": 0,
		"loop": true,
		"stages": [
			{
				"img": "images/dungeonshuffle/unknownent.png",
				"inherit_codes": false,
				"codes": "D8unknownent"
			},
			{
				"img": "images/dungeonshuffle/D0ent.png",
				"inherit_codes": false,
				"codes": "D8@D0"
			},
			{
				"img": "images/dungeonshuffle/D1ent.png",
				"inherit_codes": false,
				"codes": "D8@D1"
			},
			{
				"img": "images/dungeonshuffle/D2ent.png",
				"inherit_codes": false,
				"codes": "D8@D2"
			},
			{
				"img": "images/dungeonshuffle/D3ent.png",
				"inherit_codes": false,
				"codes": "D8@D3"
			},
			{
				"img": "images/dungeonshuffle/D4ent.png",
				"inherit_codes": false,
				"codes": "D8@D4"
			},
			{
				"img": "images/dungeonshuffle/D5ent.png",
				"inherit_codes": false,
				"codes": "D8@D5"
			},
			{
				"img": "images/dungeonshuffle/D6ent.png",
				"inherit_codes": false,
				"codes": "D8@D6"
			},
			{
				"img": "images/dungeonshuffle/D7ent.png",
				"inherit_codes": false,
				"codes": "D8@D7"
			},
			{
				"img": "images/dungeonshuffle/D8ent.png",
				"inherit_codes": false,
				"codes": "D8@D8"
			}
		]
	},
	{
		"name": "Color Dungeon Finish flag",
		"type": "toggle",
		"img": "images/greatfairy.png",
		"codes": "colorfinish"
	},
	{
		"name": "Debug Flag",
		"type": "toggle",
		"img": "images/linkface.png",
		"codes": "debugFlag"
	},
	{
		"name": "LinkFace",
		"type": "toggle",
		"img": "images/linkface.png",
		"codes": "linkface"
	}
]