﻿[
	{
		"name": "Feather",
		"type": "toggle",
		"loop": true,
		"img": "images/feather.png",
		"codes": "feather"
	},
	{
		"name": "Bow",
		"type": "progressive",
		"loop": true,
		"allow_disabled": false,
		"stages": [
			{
				"img": "images/bow.png",
				"img_mods": "@disabled"
			},
			{
				"img": "images/bow.png",
				"codes": "bow"
			}
		]
	},
	{
		"name": "Hookshot",
		"type": "toggle",
		"loop": true,
		"img": "images/hookshot.png",
		"codes": "hookshot, hs"
	},
	{
		"name": "Mushroom/Powder",
		"type": "progressive",
		"loop": true,
		"stages": [
			{
				"img": "images/mushroom.png",
				"codes": "mushroom,shroom"
			},
			{
				"img": "images/powder.png",
				"codes": "powder"
			}
		]
	},
	{
		"name": "Magical Rod",
		"type": "toggle",
		"loop": true,
		"img": "images/fire_rod.png",
		"codes": "firerod, rod"
	},
	{
		"name": "Trade",
		"type": "progressive",
		"stages": [
			{
				"img": "images/yoshi.png",
				"codes": "yoshi",
				"inherit_codes": false
			},
			{
				"img": "images/ribbon.png",
				"codes": "ribbon",
				"inherit_codes": false
			},
			{
				"img": "images/food.png",
				"codes": "food",
				"inherit_codes": false
			},
			{
				"img": "images/bananas.png",
				"codes": "bananas",
				"inherit_codes": false
			},
			{
				"img": "images/stick.png",
				"codes": "stick",
				"inherit_codes": false
			},
			{
				"img": "images/honey.png",
				"codes": "honey,beehive,hive",
				"inherit_codes": false
			},
			{
				"img": "images/pineapple.png",
				"codes": "pineapple",
				"inherit_codes": false
			},
			{
				"img": "images/flower.png",
				"codes": "flower",
				"inherit_codes": false
			},
			{
				"img": "images/letter.png",
				"codes": "letter",
				"inherit_codes": false
			},
			{
				"img": "images/broom.png",
				"codes": "broom",
				"inherit_codes": false
			},
			{
				"img": "images/hook.png",
				"codes": "hook",
				"inherit_codes": false
			},
			{
				"img": "images/bra.png",
				"codes": "bra,necklace",
				"inherit_codes": false
			},
			{
				"img": "images/scale.png",
				"codes": "scale",
				"inherit_codes": false
			},
			{
				"img": "images/lens.png",
				"codes": "lens",
				"inherit_codes": false
			}
		]
	},
	{
		"name": "Shovel",
		"type": "toggle",
		"loop": true,
		"img": "images/shovel.png",
		"codes": "shovel"
	},
	{
		"name": "Bombs",
		"type": "toggle",
		"loop": true,
		"img": "images/bomb.png",
		"codes": "bomb, bombs"
	},
	{
		"name": "Ocarina",
		"type": "toggle",
		"loop": true,
		"img": "images/ocarina.png",
		"codes": "flute,ocarina"
	},
	{
		"name": "Bracelet",
		"type": "progressive",
		"loop": true,
		"stages": [{
				"img": "images/bracelet_1.png",
				"codes": "bracelet,lift1"
			},
			{
				"img": "images/bracelet_2.png",
				"codes": "bracelet2,lift2"
			}
		]
	}, 
	{
		"name": "Pegasus Boots",
		"type": "toggle",
		"loop": true,
		"img": "images/boots.png",
		"codes": "boots"
	}, 
	{
		"name": "Boomerang",
		"type": "toggle",
		"loop": true,
		"img": "images/boomerang.png",
		"codes": "boomerang"
	},
	{
		"name": "BowWow",
		"type": "toggle",
		"loop": true,
		"img": "images/chomp.png",
		"codes": "chomp,bowwow"
	}, 
	{
		"name": "Walrus",
		"type": "toggle",
		"img": "images/walrus.png",
		"codes": "walrus"
	}, 
	{
		"name": "Rooster",
		"type": "toggle",
		"img": "images/rooster.png",
		"codes": "rooster"
	}, 
	{
		"name": "Zora's Flippers",
		"type": "toggle",
		"loop": true,
		"img": "images/flippers.png",
		"codes": "flippers"
	}, 
	{
		"name": "Sword",
		"type": "progressive",
		"loop": true,
		"stages": [
			{
				"img": "images/sword_1.png",
				"codes": "sword, sword1"
			},
			{
				"img": "images/sword_2.png",
				"codes": "sword2"
			}
		]
	}, 
	{
		"name": "Shield",
		"type": "progressive",
		"loop": true,
		"stages": [
			{
				"img": "images/shield_1.png",
				"codes": "shield,shield1"
			},
			{
				"img": "images/shield_2.png",
				"codes": "shield2,mirrorshield, mirror"
			}
		]
	}, 
	{
		"name": "Clothes",
		"type": "progressive",
		"allow_disabled": false,
		"stages": [{
				"img": "images/green_mail.png",
				"codes": "armor, armor1,"
			},
			{
				"img": "images/redblue_mail.png",
				"codes": "armor2,redmail,bluemail",
				"inherit_codes": false
			}
		]
	}, 
	{
		"name": "Ballad of the Wind Fish",
		"type": "toggle",
		"loop": true,
		"img": "images/marin.png",
		"codes": "marin,ballad"
	}, 
	{
		"name": "Manbo's Mambo",
		"type": "toggle",
		"img": "images/manbo.png",
		"codes": "fish,manbo, mambo"
	}, 
	{
		"name": "Frog's Song of Soul",
		"type": "toggle",
		"loop": true,
		"img": "images/frog.png",
		"codes": "frog,soul"
	},
	{
		"name": "Piece of Heart",
		"type": "consumable",
		"img": "images/heartPiece.png",
		"codes": "poh,heartpiece,heart",
		"max_quantity": 12
	},
	{
		"name": "Tail Key",
		"type": "toggle",
		"loop": true,
		"img": "images/tail_key.png",
		"codes": "tail,tailkey"
	},
	{
		"name": "Generic Small Key",
		"type": "toggle",
		"img": "images/smallKey.png",
		"codes": "GSK"
	},
	{
		"name": "Generic Big Key",
		"type": "toggle",
		"img": "images/bigKey.png",
		"codes": "GBK"
	},
	{
		"name": "Slime Key",
		"type": "toggle",
		"loop": true,
		"img": "images/slime_key.png",
		"codes": "slime,slimekey"
	},
	{
		"name": "Angler Key",
		"type": "toggle",
		"loop": true,
		"img": "images/angler_key.png",
		"codes": "angler,anglerkey"
	},
	{
		"name": "Face Key",
		"type": "toggle",
		"loop": true,
		"img": "images/face_key.png",
		"codes": "face,facekey"
	},
	{
		"name": "Bird Key",
		"type": "toggle",
		"loop": true,
		"img": "images/eagle_key.png",
		"codes": "eagle, eaglekey, bird"
	},
	{
		"name": "D1 Chests",
		"type": "progressive",
		"allow_disabled": "false",
		"stages": [
			{
				"img": "images/chest3green.png",
				"codes": "cello_treasures,tcchest, D1chests"
			},
			{
				"img": "images/chest2.png",
				"inherit_codes": true
			},
			{
				"img": "images/chest1.png",
				"inherit_codes": true
			},
			{
				"img": "images/chest-open.png",
				"inherit_codes": true
			}
		]
	},
	{
		"name": "D2 Chests",
		"type": "progressive",
		"allow_disabled": "false",
		"stages": [
			{
				"img": "images/chest3green.png",
				"codes": "conch_treasures,bgchest, D2chests"
			},
			{
				"img": "images/chest2.png",
				"inherit_codes": true
			},
			{
				"img": "images/chest1.png",
				"inherit_codes": true
			},
			{
				"img": "images/chest-open.png",
				"inherit_codes": true
			}
		]
	}, 
	{
		"name": "D3 Chests",
		"type": "progressive",
		"allow_disabled": "false",
		"stages": [
			{
				"img": "images/chest4green.png",
				"codes": "bell_treasures,kcchest, D3chests"
			},
			{
				"img": "images/chest3.png",
				"inherit_codes": true
			},
			{
				"img": "images/chest2.png",
				"inherit_codes": true
			},
			{
				"img": "images/chest1.png",
				"inherit_codes": true
			},
			{
				"img": "images/chest-open.png",
				"inherit_codes": true
			}
		]
	},
	{
		"name": "D4 Chests",
		"type": "progressive",
		"allow_disabled": "false",
		"stages": [
			{
				"img": "images/chest4green.png",
				"codes": "harp_treasures,atchest, D4chests"
			},
			{
				"img": "images/chest3.png",
				"inherit_codes": true
			},
			{
				"img": "images/chest2.png",
				"inherit_codes": true
			},
			{
				"img": "images/chest1.png",
				"inherit_codes": true
			},
			{
				"img": "images/chest-open.png",
				"inherit_codes": true
			}
		]
	},
	{
		"name": "D5 Chests",
		"type": "progressive",
		"allow_disabled": "false",
		"stages": [
			{
				"img": "images/chest4green.png",
				"codes": "marimba_treasures,cmchest, D5chests"
			},
			{
				"img": "images/chest3.png",
				"inherit_codes": true
			},
			{
				"img": "images/chest2.png",
				"inherit_codes": true
			},
			{
				"img": "images/chest1.png",
				"inherit_codes": true
			},
			{
				"img": "images/chest-open.png",
				"inherit_codes": true
			}
		]
	},
	{
		"name": "D6 Chests",
		"type": "progressive",
		"allow_disabled": "false",
		"stages": [
			{
				"img": "images/chest6green.png",
				"codes": "triangle_treasures, fschest, D6chests"
			},
			{
				"img": "images/chest5.png",
				"inherit_codes":true
			},
			{
				"img": "images/chest4.png",
				"inherit_codes":true
			},
			{
				"img": "images/chest3.png",
				"inherit_codes": true
			},
			{
				"img": "images/chest2.png",
				"inherit_codes": true
			},
			{
				"img": "images/chest1.png",
				"inherit_codes": true
			},
			{
				"img": "images/chest-open.png",
				"inherit_codes": true
			}
		]
	},
	{
		"name": "D7 Chests",
		"type": "progressive",
		"allow_disabled": "false",
		"stages": [
			{
				"img": "images/chest4green.png",
				"codes": "organ_treasures,etchest, D7chests"
			},
			{
				"img": "images/chest3.png",
				"inherit_codes": true
			},
			{
				"img": "images/chest2.png",
				"inherit_codes": true
			},
			{
				"img": "images/chest1.png",
				"inherit_codes": true
			},
			{
				"img": "images/chest-open.png",
				"inherit_codes": true
			}
		]
	},
	{
		"name": "D8 Chests",
		"type": "progressive",
		"allow_disabled": "false",
		"stages": [
			{
				"img": "images/chest6green.png",
				"codes": "drum_treasures,trchest, D8chests"
			},
			{
				"img": "images/chest5.png",
				"inherit_codes":true
			},
			{
				"img": "images/chest4.png",
				"inherit_codes":true
			},
			{
				"img": "images/chest3.png",
				"inherit_codes": true
			},
			{
				"img": "images/chest2.png",
				"inherit_codes": true
			},
			{
				"img": "images/chest1.png",
				"inherit_codes": true
			},
			{
				"img": "images/chest-open.png",
				"inherit_codes": true
			}
		]
	},
	{
		"name": "Evil Orb",
		"type": "toggle",
		"img": "images/tinyEvilOrb.png",
		"codes": "color, cd, evilorb"
	},
	{
		"name": "D0 Chests",
		"type": "progressive",
		"allow_disabled": "false",
		"stages": [
			{
				"img": "images/chest.png",
				"codes": "color_treasures, cdchest, D0chests"
			},
			{
				"img": "images/chest-open.png",
				"inherit_codes": true
			}
		]
	},
	{
		"name": "D1 Keys",
		"type": "consumable",
		"img": "images/smallKey.png",
		"codes": "D1SK",
		"max_quantity": 3
	}, 
	{
		"name": "D1 Big Key",
		"type": "toggle",
		"img": "images/bigKey.png",
		"codes": "D1BK"
	}, 
	{
		"name": "D2 Keys",
		"type": "consumable",
		"img": "images/smallKey.png",
		"codes": "D2SK",
		"max_quantity": 5
	}, 
	{
		"name": "D2 Big Key",
		"type": "toggle",
		"img": "images/bigKey.png",
		"codes": "D2BK"
	}, 
	{
		"name": "D3 Big Key",
		"type": "toggle",
		"img": "images/bigKey.png",
		"codes": "D3BK"
	}, 
	{
		"name": "D4 Keys",
		"type": "consumable",
		"img": "images/smallKey.png",
		"codes": "D4SK",
		"max_quantity": 5
	}, 
	{
		"name": "D4 Big Key",
		"type": "toggle",
		"img": "images/bigKey.png",
		"codes": "D4BK"
	}, 
	{
		"name": "D5 Keys",
		"type": "consumable",
		"img": "images/smallKey.png",
		"codes": "D5SK",
		"max_quantity": 3
	}, 
	{
		"name": "D5 Big Key",
		"type": "toggle",
		"img": "images/bigKey.png",
		"codes": "D5BK"
	}, 
	{
		"name": "D6 Keys",
		"type": "consumable",
		"img": "images/smallKey.png",
		"codes": "D6SK",
		"max_quantity": 3
	}, 
	{
		"name": "D6 Big Key",
		"type": "toggle",
		"img": "images/bigKey.png",
		"codes": "D6BK"
	}, 
	{
		"name": "D7 Keys",
		"type": "consumable",
		"img": "images/smallKey.png",
		"codes": "D7SK",
		"max_quantity": 3
	}, 
	{
		"name": "D7 Big Key",
		"type": "toggle",
		"img": "images/bigKey.png",
		"codes": "D7BK"
	}, 
	{
		"name": "D8 Keys",
		"type": "consumable",
		"img": "images/smallKey.png",
		"codes": "D8SK",
		"max_quantity": 7
	}, 
	{
		"name": "D8 Big Key",
		"type": "toggle",
		"img": "images/bigKey.png",
		"codes": "D8BK"
	}, 
	{
		"name": "D0 Keys",
		"type": "consumable",
		"img": "images/smallKey.png",
		"codes": "D0SK",
		"max_quantity": 3
	},
	{
		"name": "D0 Big Key",
		"type": "toggle",
		"img": "images/bigKey.png",
		"codes": "D0BK"
	},
	{
		"name": "Marin Follow Flag",
		"type": "toggle",
		"img": "images/marinfollow.png",
		"codes": "marinfollow"
	},
	{
		"name": "Debug Flag",
		"type": "toggle",
		"img": "images/linkface.png",
		"codes": "debugFlag"
	},
	{
		"name": "LinkFace",
		"type": "toggle",
		"img": "images/linkface.png",
		"codes": "linkface"
	}
]