﻿[
	{
		"name": "Feather",
		"type": "toggle",
		"loop": true,
		"img": "images/feather.png",
		"codes": "feather"
	},
	{
		"name": "Feather traded for Boomerang",
		"type": "toggle_badged",
		"base_item": "feather",
		"img": "images/overlay_boomerang.png",
		"codes": "featherboomerang"
	},
	{
		"name": "Bow",
		"type": "progressive",
		"loop": true,
		"allow_disabled": false,
		"stages": [
			{
				"img": "images/bow.png",
				"img_mods": "@disabled"
			},
			{
				"img": "images/bow.png",
				"codes": "bow"
			}
		]
	},
	{
		"name": "Bow w/ Mad Batter",
		"type": "toggle_badged",
		"base_item": "bow",
		"img": "images/overlay_madbatter.png",
		"codes": "bowbatter"
	},
	{
		"name": "Hookshot",
		"type": "toggle",
		"loop": true,
		"img": "images/hookshot.png",
		"codes": "hookshot, hs"
	},
	{
		"name": "Hookshot traded for Boomerang",
		"type": "toggle_badged",
		"base_item": "hookshot",
		"img": "images/overlay_boomerang.png",
		"codes": "hookshotboomerang"
	},
	{
		"name": "Mushroom/Powder",
		"type": "progressive",
		"loop": true,
		"stages": [
			{
				"img": "images/mushroom.png",
				"codes": "mushroom,shroom"
			},
			{
				"img": "images/powder.png",
				"codes": "powder"
			}
		]
	},
	{
		"name": "Mushroom/Powder w/ Mad Batter",
		"type": "toggle_badged",
		"base_item": "powder",
		"img": "images/overlay_madbatter.png",
		"codes": "powderbatter"
	},
	{
		"name": "Magical Rod",
		"type": "toggle",
		"loop": true,
		"img": "images/fire_rod.png",
		"codes": "firerod, rod"
	},
	{
		"name": "Magic Rod traded for Boomerang",
		"type": "toggle_badged",
		"base_item": "rod",
		"img": "images/overlay_boomerang.png",
		"codes": "rodboomerang"
	},
	{
		"name": "Trade",
		"type": "progressive",
		"stages": [
			{
				"img": "images/yoshi.png",
				"codes": "yoshi",
				"inherit_codes": false
			},
			{
				"img": "images/ribbon.png",
				"codes": "ribbon",
				"inherit_codes": false
			},
			{
				"img": "images/food.png",
				"codes": "food",
				"inherit_codes": false
			},
			{
				"img": "images/bananas.png",
				"codes": "bananas",
				"inherit_codes": false
			},
			{
				"img": "images/stick.png",
				"codes": "stick",
				"inherit_codes": false
			},
			{
				"img": "images/honey.png",
				"codes": "honey,beehive,hive",
				"inherit_codes": false
			},
			{
				"img": "images/pineapple.png",
				"codes": "pineapple",
				"inherit_codes": false
			},
			{
				"img": "images/flower.png",
				"codes": "flower",
				"inherit_codes": false
			},
			{
				"img": "images/letter.png",
				"codes": "letter",
				"inherit_codes": false
			},
			{
				"img": "images/broom.png",
				"codes": "broom",
				"inherit_codes": false
			},
			{
				"img": "images/hook.png",
				"codes": "hook",
				"inherit_codes": false
			},
			{
				"img": "images/bra.png",
				"codes": "bra,necklace",
				"inherit_codes": false
			},
			{
				"img": "images/scale.png",
				"codes": "scale",
				"inherit_codes": false
			},
			{
				"img": "images/lens.png",
				"codes": "lens",
				"inherit_codes": false
			}
		]
	},
	{
		"name": "Shells",
		"type": "consumable",
		"img": "images/shell.png",
		"codes": "shells,shell",
		"max_quantity": 22
	},
	{
		"name": "Golden Leaves and Slime Key",
		"type": "progressive",
		"allow_disabled": true,
		"loop": false,
		"stages": [
			{
				"img": "images/leaf.png",
				"codes": "oneleaf",
				"inherit_codes": true
			},
			{
				"img": "images/leaf2.png",
				"codes": "twoleaf",
				"inherit_codes": true
			},
			{
				"img": "images/leaf3.png",
				"codes": "threeleaf",
				"inherit_codes": true
			},
			{
				"img": "images/leaf4.png",
				"codes": "fourleaf",
				"inherit_codes": true
			},
			{
				"img": "images/leaf5.png",
				"codes": "fiveleaf",
				"inherit_codes": true
			},
			{
				"img": "images/slime_key.png",
				"codes": "slime, slimekey",
				"inherit_codes": false
			}
		]
	},
	{
		"name": "Shovel",
		"type": "toggle",
		"loop": true,
		"img": "images/shovel.png",
		"codes": "shovel"
	},
	{
		"name": "Boomerang Traded for Shovel",
		"type": "toggle_badged",
		"base_item": "shovel",
		"img": "images/overlay_boomerang.png",
		"codes": "shovelboomerang"
	},
	{
		"name": "Bombs",
		"type": "toggle",
		"loop": true,
		"img": "images/bomb.png",
		"codes": "bomb, bombs"
	},
	{
		"name": "Bombs w/ Mad Batter",
		"type": "toggle_badged",
		"base_item": "bombs",
		"img": "images/overlay_madbatter.png",
		"codes": "bombbatter, bombsbatter"
	},
	{
		"name": "Ocarina",
		"type": "toggle",
		"img": "images/ocarina.png",
		"codes": "flute,ocarina"
	},
	{
		"name": "Bracelet",
		"type": "progressive",
		"loop": true,
		"stages": [{
				"img": "images/bracelet_1.png",
				"codes": "bracelet,lift1"
			},
			{
				"img": "images/bracelet_2.png",
				"codes": "bracelet2,lift2"
			}
		]
	}, 
	{
		"name": "Pegasus Boots",
		"type": "toggle",
		"loop": true,
		"img": "images/boots.png",
		"codes": "boots"
	}, 
	{
		"name": "Boots traded for Boomerang",
		"type": "toggle_badged",
		"base_item": "boots",
		"img": "images/overlay_boomerang.png",
		"codes": "bootsboomerang"
	},
	{
		"name": "Chomp",
		"type": "toggle",
		"img": "images/chomp.png",
		"codes": "chomp,bowwow"
	}, 
	{
		"name": "Walrus",
		"type": "toggle",
		"img": "images/walrus.png",
		"codes": "walrus"
	}, 
	{
		"name": "Rooster",
		"type": "toggle",
		"img": "images/rooster.png",
		"codes": "rooster"
	}, 
	{
		"name": "Zora's Flippers",
		"type": "toggle",
		"loop": true,
		"img": "images/flippers.png",
		"codes": "flippers"
	}, 
	{
		"name": "Sword",
		"type": "progressive",
		"loop": true,
		"stages": [
			{
				"img": "images/sword_1.png",
				"codes": "sword, sword1"
			},
			{
				"img": "images/sword_2.png",
				"codes": "sword2"
			}
		]
	}, 
	{
		"name": "Shield",
		"type": "progressive",
		"loop": true,
		"initial_stage_idx": 0,
		"stages": [
			{
				"img": "images/shield_1.png",
				"codes": "shield,shield1"
			},
			{
				"img": "images/shield_2.png",
				"codes": "shield2,mirrorshield, mirror"
			}
		]
	}, 
	{
		"name": "Clothes",
		"type": "progressive",
		"allow_disabled": false,
		"stages": [{
				"img": "images/green_mail.png",
				"codes": "armor, armor1,"
			},
			{
				"img": "images/redblue_mail.png",
				"codes": "armor2,redmail,bluemail",
				"inherit_codes": false
			}
		]
	}, 
	{
		"name": "Ballad of the Wind Fish",
		"type": "toggle",
		"img": "images/marin.png",
		"codes": "marin,ballad"
	}, 
	{
		"name": "Manbo's Mambo",
		"type": "toggle",
		"img": "images/manbo.png",
		"codes": "fish,manbo, mambo"
	}, 
	{
		"name": "Frog's Song of Soul",
		"type": "toggle",
		"img": "images/frog.png",
		"codes": "frog,soul"
	},
	{
		"name": "Piece of Heart",
		"type": "consumable",
		"img": "images/heartPiece.png",
		"codes": "poh,heartpiece,heart",
		"max_quantity": 12
	},
	{
		"name": "Tail Key",
		"type": "toggle",
		"img": "images/tail_key.png",
		"codes": "tail,tailkey"
	},
	{
		"name": "Slime Key",
		"type": "toggle",
		"img": "images/slime_key.png",
		"codes": "slime,slimekey"
	},
	{
		"name": "Angler Key",
		"type": "toggle",
		"img": "images/angler_key.png",
		"codes": "angler,anglerkey"
	},
	{
		"name": "Face Key",
		"type": "toggle",
		"img": "images/face_key.png",
		"codes": "face,facekey"
	},
	{
		"name": "Eagle Key",
		"type": "toggle",
		"img": "images/eagle_key.png",
		"codes": "eagle, eaglekey, bird"
	}, 
	// {
	// 	"name": "Full Moon Cello",
	// 	"type": "toggle",
	// 	"loop": true,
	// 	"img": "images/1_cello.png",
	// 	"codes": "cello,tc"
	// },
	{
		"name": "Full Moon Cello + Boss Shuffle",
		"type": "progressive_toggle",
		"captureable": false,
		"stages": [
			{
				"img": "images/1_cello.png",
				"codes": "cello"
			},
			{
				"img": "images/bossshuffle/D1Moldorm.png",
				"codes": "cello"
			},
			{
				"img": "images/bossshuffle/D1MadGenie.png",
				"codes": "cello"
			},
			{
				"img": "images/bossshuffle/D1SlimeEye.png",
				"codes": "cello"
			},
			{
				"img": "images/bossshuffle/D1AnglerFish.png",
				"codes": "cello"
			},
			{
				"img": "images/bossshuffle/D1SlimeEel.png",
				"codes": "cello"
			},
			{
				"img": "images/bossshuffle/D1Facade.png",
				"codes": "cello"
			},
			{
				"img": "images/bossshuffle/D1EvilEagle.png",
				"codes": "cello"
			},
			{
				"img": "images/bossshuffle/D1HotHead.png",
				"codes": "cello"
			}
		]
	},
	{
		"name": "D1 Chests",
		"type": "progressive",
		"allow_disabled": "false",
		"stages": [
			{
				"img": "images/chest3green.png",
				"codes": "cello_treasures,tcchest, D1chests"
			},
			{
				"img": "images/chest2.png",
				"inherit_codes": true
			},
			{
				"img": "images/chest1.png",
				"inherit_codes": true
			},
			{
				"img": "images/chest-open.png",
				"inherit_codes": true
			}
		]
	},
	// {
	// 	"name": "Conch Horn",
	// 	"type": "toggle",
	// 	"img": "images/2_conch.png",
	// 	"codes": "conch,bg"
	// }, 
	{
		"name": "Conch Horn + Boss Shuffle",
		"type": "progressive_toggle",
		"captureable": false,
		"stages": [
			{
				"img": "images/2_conch.png",
				"codes": "conch"
			},
			{
				"img": "images/bossshuffle/D2Moldorm.png",
				"codes": "conch"
			},
			{
				"img": "images/bossshuffle/D2MadGenie.png",
				"codes": "conch"
			},
			{
				"img": "images/bossshuffle/D2SlimeEye.png",
				"codes": "conch"
			},
			{
				"img": "images/bossshuffle/D2AnglerFish.png",
				"codes": "conch"
			},
			{
				"img": "images/bossshuffle/D2SlimeEel.png",
				"codes": "conch"
			},
			{
				"img": "images/bossshuffle/D2Facade.png",
				"codes": "conch"
			},
			{
				"img": "images/bossshuffle/D2EvilEagle.png",
				"codes": "conch"
			},
			{
				"img": "images/bossshuffle/D2HotHead.png",
				"codes": "conch"
			}
		]
	},
	{
		"name": "D2 Chests",
		"type": "progressive",
		"allow_disabled": "false",
		"stages": [
			{
				"img": "images/chest3green.png",
				"codes": "conch_treasures,bgchest, D2chests"
			},
			{
				"img": "images/chest2.png",
				"inherit_codes": true
			},
			{
				"img": "images/chest1.png",
				"inherit_codes": true
			},
			{
				"img": "images/chest-open.png",
				"inherit_codes": true
			}
		]
	}, 
	// {
	// 	"name": "Sea Lily's Bell",
	// 	"type": "toggle",
	// 	"img": "images/3_bell.png",
	// 	"codes": "bell,kc"
	// }, 
	
	{
		"name": "Sea Lily's Bell + Boss Shuffle",
		"type": "progressive_toggle",
		"captureable": false,
		"stages": [
			{
				"img": "images/3_bell.png",
				"codes": "bell"
			},
			{
				"img": "images/bossshuffle/D3Moldorm.png",
				"codes": "bell"
			},
			{
				"img": "images/bossshuffle/D3MadGenie.png",
				"codes": "bell"
			},
			{
				"img": "images/bossshuffle/D3SlimeEye.png",
				"codes": "bell"
			},
			{
				"img": "images/bossshuffle/D3AnglerFish.png",
				"codes": "bell"
			},
			{
				"img": "images/bossshuffle/D3SlimeEel.png",
				"codes": "bell"
			},
			{
				"img": "images/bossshuffle/D3Facade.png",
				"codes": "bell"
			},
			{
				"img": "images/bossshuffle/D3EvilEagle.png",
				"codes": "bell"
			},
			{
				"img": "images/bossshuffle/D3HotHead.png",
				"codes": "bell"
			}
		]
	},
	{
		"name": "D3 Chests",
		"type": "progressive",
		"allow_disabled": "false",
		"stages": [
			{
				"img": "images/chest4green.png",
				"codes": "bell_treasures,kcchest, D3chests"
			},
			{
				"img": "images/chest3.png",
				"inherit_codes": true
			},
			{
				"img": "images/chest2.png",
				"inherit_codes": true
			},
			{
				"img": "images/chest1.png",
				"inherit_codes": true
			},
			{
				"img": "images/chest-open.png",
				"inherit_codes": true
			}
		]
	},
	// {
	// 	"name": "Surf Harp",
	// 	"type": "toggle",
	// 	"img": "images/4_harp.png",
	// 	"codes": "harp,at"
	// }, 
	{
		"name": "Surf Harp + Boss Shuffle",
		"type": "progressive_toggle",
		"captureable": false,
		"stages": [
			{
				"img": "images/4_harp.png",
				"codes": "harp"
			},
			{
				"img": "images/bossshuffle/D4Moldorm.png",
				"codes": "harp"
			},
			{
				"img": "images/bossshuffle/D4MadGenie.png",
				"codes": "harp"
			},
			{
				"img": "images/bossshuffle/D4SlimeEye.png",
				"codes": "harp"
			},
			{
				"img": "images/bossshuffle/D4AnglerFish.png",
				"codes": "harp"
			},
			{
				"img": "images/bossshuffle/D4SlimeEel.png",
				"codes": "harp"
			},
			{
				"img": "images/bossshuffle/D4Facade.png",
				"codes": "harp"
			},
			{
				"img": "images/bossshuffle/D4EvilEagle.png",
				"codes": "harp"
			},
			{
				"img": "images/bossshuffle/D4HotHead.png",
				"codes": "harp"
			}
		]
	},
	{
		"name": "D4 Chests",
		"type": "progressive",
		"allow_disabled": "false",
		"stages": [
			{
				"img": "images/chest4green.png",
				"codes": "harp_treasures,atchest, D4chests"
			},
			{
				"img": "images/chest3.png",
				"inherit_codes": true
			},
			{
				"img": "images/chest2.png",
				"inherit_codes": true
			},
			{
				"img": "images/chest1.png",
				"inherit_codes": true
			},
			{
				"img": "images/chest-open.png",
				"inherit_codes": true
			}
		]
	},
	// {
	// 	"name": "Wind Marimba",
	// 	"type": "toggle",
	// 	"img": "images/5_marimba.png",
	// 	"codes": "marimba,cm"
	// }, 
	{
		"name": "Wind Marimba + Boss Shuffle",
		"type": "progressive_toggle",
		"captureable": false,
		"stages": [
			{
				"img": "images/5_marimba.png",
				"codes": "marimba"
			},
			{
				"img": "images/bossshuffle/D5Moldorm.png",
				"codes": "marimba"
			},
			{
				"img": "images/bossshuffle/D5MadGenie.png",
				"codes": "marimba"
			},
			{
				"img": "images/bossshuffle/D5SlimeEye.png",
				"codes": "marimba"
			},
			{
				"img": "images/bossshuffle/D5AnglerFish.png",
				"codes": "marimba"
			},
			{
				"img": "images/bossshuffle/D5SlimeEel.png",
				"codes": "marimba"
			},
			{
				"img": "images/bossshuffle/D5Facade.png",
				"codes": "marimba"
			},
			{
				"img": "images/bossshuffle/D5EvilEagle.png",
				"codes": "marimba"
			},
			{
				"img": "images/bossshuffle/D5HotHead.png",
				"codes": "marimba"
			}
		]
	},
	{
		"name": "D5 Chests",
		"type": "progressive",
		"allow_disabled": "false",
		"stages": [
			{
				"img": "images/chest4green.png",
				"codes": "marimba_treasures,cmchest, D5chests"
			},
			{
				"img": "images/chest3.png",
				"inherit_codes": true
			},
			{
				"img": "images/chest2.png",
				"inherit_codes": true
			},
			{
				"img": "images/chest1.png",
				"inherit_codes": true
			},
			{
				"img": "images/chest-open.png",
				"inherit_codes": true
			}
		]
	},
	// {
	// 	"name": "Coral Triangle",
	// 	"type": "toggle",
	// 	"img": "images/6_triangle.png",
	// 	"codes": "triangle,fs"
	// },
	{
		"name": "Coral Triangle + Boss Shuffle",
		"type": "progressive_toggle",
		"captureable": false,
		"stages": [
			{
				"img": "images/6_triangle.png",
				"codes": "triangle"
			},
			{
				"img": "images/bossshuffle/D6Moldorm.png",
				"codes": "triangle"
			},
			{
				"img": "images/bossshuffle/D6MadGenie.png",
				"codes": "triangle"
			},
			{
				"img": "images/bossshuffle/D6SlimeEye.png",
				"codes": "triangle"
			},
			{
				"img": "images/bossshuffle/D6AnglerFish.png",
				"codes": "triangle"
			},
			{
				"img": "images/bossshuffle/D6SlimeEel.png",
				"codes": "triangle"
			},
			{
				"img": "images/bossshuffle/D6Facade.png",
				"codes": "triangle"
			},
			{
				"img": "images/bossshuffle/D6EvilEagle.png",
				"codes": "triangle"
			},
			{
				"img": "images/bossshuffle/D6HotHead.png",
				"codes": "triangle"
			}
		]
	},
	{
		"name": "D6 Chests",
		"type": "progressive",
		"allow_disabled": "false",
		"stages": [
			{
				"img": "images/chest6green.png",
				"codes": "triangle_treasures, fschest, D6chests"
			},
			{
				"img": "images/chest5.png",
				"inherit_codes":true
			},
			{
				"img": "images/chest4.png",
				"inherit_codes":true
			},
			{
				"img": "images/chest3.png",
				"inherit_codes": true
			},
			{
				"img": "images/chest2.png",
				"inherit_codes": true
			},
			{
				"img": "images/chest1.png",
				"inherit_codes": true
			},
			{
				"img": "images/chest-open.png",
				"inherit_codes": true
			}
		]
	},
	// {
	// 	"name": "Organ of Evening Calm",
	// 	"type": "toggle",
	// 	"img": "images/7_organ.png",
	// 	"codes": "organ,et"
	// }, 
	{
		"name": "Organ of Evening Calm + Boss Shuffle",
		"type": "progressive_toggle",
		"captureable": false,
		"stages": [
			{
				"img": "images/7_organ.png",
				"codes": "organ"
			},
			{
				"img": "images/bossshuffle/D7Moldorm.png",
				"codes": "organ"
			},
			{
				"img": "images/bossshuffle/D7MadGenie.png",
				"codes": "organ"
			},
			{
				"img": "images/bossshuffle/D7SlimeEye.png",
				"codes": "organ"
			},
			{
				"img": "images/bossshuffle/D7AnglerFish.png",
				"codes": "organ"
			},
			{
				"img": "images/bossshuffle/D7SlimeEel.png",
				"codes": "organ"
			},
			{
				"img": "images/bossshuffle/D7Facade.png",
				"codes": "organ"
			},
			{
				"img": "images/bossshuffle/D7EvilEagle.png",
				"codes": "organ"
			},
			{
				"img": "images/bossshuffle/D7HotHead.png",
				"codes": "organ"
			}
		]
	},
	{
		"name": "D7 Chests",
		"type": "progressive",
		"allow_disabled": "false",
		"stages": [
			{
				"img": "images/chest4green.png",
				"codes": "organ_treasures,etchest, D7chests"
			},
			{
				"img": "images/chest3.png",
				"inherit_codes": true
			},
			{
				"img": "images/chest2.png",
				"inherit_codes": true
			},
			{
				"img": "images/chest1.png",
				"inherit_codes": true
			},
			{
				"img": "images/chest-open.png",
				"inherit_codes": true
			}
		]
	},
	// {
	// 	"name": "Thunder Drum",
	// 	"type": "toggle",
	// 	"img": "images/8_drum.png",
	// 	"codes": "drum,tr"
	// },
	{
		"name": "Thunder Drum + Boss Shuffle",
		"type": "progressive_toggle",
		"captureable": false,
		"stages": [
			{
				"img": "images/8_drum.png",
				"codes": "drum"
			},
			{
				"img": "images/bossshuffle/D8Moldorm.png",
				"codes": "drum"
			},
			{
				"img": "images/bossshuffle/D8MadGenie.png",
				"codes": "drum"
			},
			{
				"img": "images/bossshuffle/D8SlimeEye.png",
				"codes": "drum"
			},
			{
				"img": "images/bossshuffle/D8AnglerFish.png",
				"codes": "drum"
			},
			{
				"img": "images/bossshuffle/D8SlimeEel.png",
				"codes": "drum"
			},
			{
				"img": "images/bossshuffle/D8Facade.png",
				"codes": "drum"
			},
			{
				"img": "images/bossshuffle/D8EvilEagle.png",
				"codes": "drum"
			},
			{
				"img": "images/bossshuffle/D8HotHead.png",
				"codes": "drum"
			}
		]
	},
	{
		"name": "D8 Chests",
		"type": "progressive",
		"allow_disabled": "false",
		"stages": [
			{
				"img": "images/chest6green.png",
				"codes": "drum_treasures,trchest, D8chests"
			},
			{
				"img": "images/chest5.png",
				"inherit_codes":true
			},
			{
				"img": "images/chest4.png",
				"inherit_codes":true
			},
			{
				"img": "images/chest3.png",
				"inherit_codes": true
			},
			{
				"img": "images/chest2.png",
				"inherit_codes": true
			},
			{
				"img": "images/chest1.png",
				"inherit_codes": true
			},
			{
				"img": "images/chest-open.png",
				"inherit_codes": true
			}
		]
	},
	{
		"name": "Evil Orb",
		"type": "toggle",
		"img": "images/tinyEvilOrb.png",
		"codes": "color, cd, evilorb"
	},
	{
		"name": "D0 Chests",
		"type": "progressive",
		"allow_disabled": "false",
		"stages": [
			{
				"img": "images/chest.png",
				"codes": "color_treasures, cdchest, D0chests"
			},
			{
				"img": "images/chest-open.png",
				"inherit_codes": true
			}
		]
	},
	{
		"name": "D1 Keys",
		"type": "consumable",
		"img": "images/smallKey.png",
		"codes": "D1SK",
		"max_quantity": 3
	}, 
	{
		"name": "D1 Big Key",
		"type": "toggle",
		"img": "images/bigKey.png",
		"codes": "D1BK"
	}, 
	{
		"name": "D2 Keys",
		"type": "consumable",
		"img": "images/smallKey.png",
		"codes": "D2SK",
		"max_quantity": 5
	}, 
	{
		"name": "D2 Big Key",
		"type": "toggle",
		"img": "images/bigKey.png",
		"codes": "D2BK"
	}, 
	{
		"name": "D3 Keys",
		"type": "consumable",
		"img": "images/smallKey.png",
		"codes": "D3SK",
		"max_quantity": 8
	}, 
	{
		"name": "D3 Big Key",
		"type": "toggle",
		"img": "images/bigKey.png",
		"codes": "D3BK"
	}, 
	{
		"name": "D4 Keys",
		"type": "consumable",
		"img": "images/smallKey.png",
		"codes": "D4SK",
		"max_quantity": 5
	}, 
	{
		"name": "D4 Big Key",
		"type": "toggle",
		"img": "images/bigKey.png",
		"codes": "D4BK"
	}, 
	{
		"name": "D5 Keys",
		"type": "consumable",
		"img": "images/smallKey.png",
		"codes": "D5SK",
		"max_quantity": 3
	}, 
	{
		"name": "D5 Big Key",
		"type": "toggle",
		"img": "images/bigKey.png",
		"codes": "D5BK"
	}, 
	{
		"name": "D6 Keys",
		"type": "consumable",
		"img": "images/smallKey.png",
		"codes": "D6SK",
		"max_quantity": 3
	}, 
	{
		"name": "D6 Big Key",
		"type": "toggle",
		"img": "images/bigKey.png",
		"codes": "D6BK"
	}, 
	{
		"name": "D7 Keys",
		"type": "consumable",
		"img": "images/smallKey.png",
		"codes": "D7SK",
		"max_quantity": 3
	}, 
	{
		"name": "D7 Big Key",
		"type": "toggle",
		"img": "images/bigKey.png",
		"codes": "D7BK"
	}, 
	{
		"name": "D8 Keys",
		"type": "consumable",
		"img": "images/smallKey.png",
		"codes": "D8SK",
		"max_quantity": 7
	}, 
	{
		"name": "D8 Big Key",
		"type": "toggle",
		"img": "images/bigKey.png",
		"codes": "D8BK"
	}, 
	{
		"name": "D0 Keys",
		"type": "consumable",
		"img": "images/smallKey.png",
		"codes": "D0SK",
		"max_quantity": 3
	},
	{
		"name": "D0 Big Key",
		"type": "toggle",
		"img": "images/bigKey.png",
		"codes": "D0BK"
	},
	//SETTINGS
	{
		"name": "Shows the locations of all the unchanged shell locations.",
		"type": "progressive",
		"allow_disabled": false,
		"loop": true,
		"initial_stage_idx": 0,
		"stages": [
			{
				"img": "images/settings/DontShowShells.png",
				"codes": "setting_shellsanity_off",
				"inherit_codes": false
			},
			{
				"img": "images/settings/HiddenShellsAsChests.png",
				"codes": "setting_shellsanity_on",
				"inherit_codes": false
			},
			{
				"img": "images/settings/VanillaShellTracking.png",  
				"codes": "setting_shellsanity_vanilla",
				"inherit_codes": false
			}
		]
	},
	{
		"name": "Turn this setting on if you've turned on 'Shuffle heart pieces' in the randomizer settings.",
		"type": "progressive",
		"allow_disabled": false,
		"loop": true,
		"initial_stage_idx": 0,
		"stages": [
			{
				"img": "images/settings/HeartPieceTextOn.png",
				"codes": "setting_heartPiece_shuffle_on",
				"inherit_codes": false
			},
			{
				"img": "images/settings/HeartPieceTextOff.png",
				"codes": "setting_heartPiece_shuffle_off",
				"inherit_codes": false
			}
		]
	},
	{
		"name": "If enabled, the Walrus will not block the way to the Yarna Desert.",
		"type": "progressive",
		"initial_stage_idx": 0,
		"allow_disabled": false,
		"loop": true,
		"stages": [
			{
				"img": "images/settings/WalrusNotRequired.png",
				"codes": "setting_walrus_off",
				"inherit_codes": false
			},
			{
				"img": "images/settings/WalrusRequired.png",
				"codes": "setting_walrus_on",
				"inherit_codes": false
			}
		]
	},
	{
		"name": "Certain screens on the overworld get changed to allow for easier exploration. 'Add overworld modifications' in randomizer settings.",
		"type": "progressive",
		"allow_disabled": false,
		"loop": true,
		"initial_stage_idx": 0,
		"stages": [
			{
				"img": "images/settings/OverworldModText.png",
				"inherit_codes": false,
				"codes": "setting_overworldmods_on"
			},
			{
				"img": "images/settings/OverworldModTextOff.png",
				"inherit_codes": false,
				"codes": "setting_overworldmods_off"
			}
		]
	},
	{
		"name": "Certain screens in tunnels and caves get changed to allow for easier exploration. 'Remove some cave obstacles' in randomizer settings.",
		"type": "progressive",
		"allow_disabled": false,
		"loop": true,
		"initial_stage_idx": 0,
		"stages": [
			{
				"img": "images/settings/CaveModsText.png",
				"inherit_codes": false,
				"codes": "setting_cavemods_on, setting_connectormods_on"
			},
			{
				"img": "images/settings/CaveModsTextOff.png",
				"inherit_codes": false,
				"codes": "setting_cavemods_off, setting_connectormods_off"
			}
		]
	},
	{
		"name": "This setting adds back in a single cave north of Kanalet Castle that was removed in development. 'Add new cave above castle' in randomizer settings.",
		"type": "progressive",
		"allow_disabled": false,
		"initial_stage_idx": 0,
		"loop": true,
		"stages": [
			{
				"img": "images/settings/BetaCaveTextOn.png",
				"inherit_codes": false,
				"codes": "setting_betacave_on"
			},
			{
				"img": "images/settings/BetaCaveTextOff.png",
				"inherit_codes": false,
				"codes": "setting_betacave_off"
			}
		]
	},
	{
		"name": "This tracker setting allows you to show which chests in dungeons are available with the number of keys that you have.  This doesn't apply to the Color Dungeon.",
		"type": "progressive",
		"allow_disabled": false,
		"initial_stage_idx": 0,
		"loop": true,
		"stages": [
			{
				"img": "images/settings/hideKeyLogic.png",
				"inherit_codes": false,
				"codes": "hideKeyLogic"
			},
			{
				"img": "images/settings/showKeyLogic.png",
				"inherit_codes": false,
				"codes": "showKeyLogic"
			}
		]
	},
	{
		"name": "This is the amount of instruments required to open the egg.  Applicable only for version 0.50 of the randomizer.",
		"type": "progressive",
		"allow_disabled": false,
		"loop": true,
		"stages": [
			{
				"img": "images/settings/numInst8.png",
				"inherit_codes": false,
				"codes": "setting_numInst8"
			},
			{
				"img": "images/settings/numInst7.png",
				"inherit_codes": false,
				"codes": "setting_numInst7"
			},
			{
				"img": "images/settings/numInst6.png",
				"inherit_codes": false,
				"codes": "setting_numInst6"
			},
			{
				"img": "images/settings/numInst5.png",
				"inherit_codes": false,
				"codes": "setting_numInst5"
			},
			{
				"img": "images/settings/numInst4.png",
				"inherit_codes": false,
				"codes": "setting_numInst4"
			},
			{
				"img": "images/settings/numInst3.png",
				"inherit_codes": false,
				"codes": "setting_numInst3"
			},
			{
				"img": "images/settings/numInst2.png",
				"inherit_codes": false,
				"codes": "setting_numInst2"
			},
			{
				"img": "images/settings/numInst1.png",
				"inherit_codes": false,
				"codes": "setting_numInst1"
			},
			{
				"img": "images/settings/numInst0.png",
				"inherit_codes": false,
				"codes": "setting_numInst0"
			}
		]
	},
	{
		"name": "This setting will show caves that are either useless or redundant to keeping track.  Turn this setting on if you are the type to keep track of everything, even if not needed.",
		"type": "progressive",
		"allow_disabled": false,
		"loop": true,
		"stages": [
			{
				"img": "images/settings/HideRedundantCaves.png",
				"codes": "setting_hideRedundantCaves",
				"inherit_codes": false
			},
			{
				"img": "images/settings/ShowRedundantCaves.png",
				"codes": "setting_showRedundantCaves",
				"inherit_codes": false
			}
		]
	},
	{
		"name": "Marin Follow Flag",
		"type": "toggle",
		"img": "images/marinfollow.png",
		"codes": "marinfollow"
	},
	{
		"name": "A",
		"type": "toggle",
		"img": "images/csa.png",
		"codes": "csa"
	},
	{
		"name": "B",
		"type": "toggle",
		"img": "images/csb.png",
		"codes": "csb"
	},
	{
		"name": "C",
		"type": "toggle",
		"img": "images/csc.png",
		"codes": "csc"
	},
	{
		"name": "D",
		"type": "toggle",
		"img": "images/csd.png",
		"codes": "csd"
	},
	{
		"name": "E",
		"type": "toggle",
		"img": "images/cse.png",
		"codes": "cse"
	},
	{
		"name": "F",
		"type": "toggle",
		"img": "images/csf.png",
		"codes": "csf"
	},
	{
		"name": "G",
		"type": "toggle",
		"img": "images/csg.png",
		"codes": "csg"
	},
	{
		"name": "H",
		"type": "toggle",
		"img": "images/csh.png",
		"codes": "csh"
	},
	{
		"name": "I",
		"type": "toggle",
		"img": "images/csi.png",
		"codes": "csi"
	},
	{
		"name": "J",
		"type": "toggle",
		"img": "images/csj.png",
		"codes": "csj"
	},
	{
		"name": "K",
		"type": "toggle",
		"img": "images/csk.png",
		"codes": "csk"
	},
	{
		"name": "L",
		"type": "toggle",
		"img": "images/csl.png",
		"codes": "csl"
	},
	{
		"name": "M",
		"type": "toggle",
		"img": "images/csm.png",
		"codes": "csm"
	},
	{
		"name": "N",
		"type": "toggle",
		"img": "images/csn.png",
		"codes": "csn"
	},
	{
		"name": "O",
		"type": "toggle",
		"img": "images/cso.png",
		"codes": "cso"
	},
	{
		"name": "P",
		"type": "toggle",
		"img": "images/csp.png",
		"codes": "csp"
	},
	{
		"name": "Q",
		"type": "toggle",
		"img": "images/csq.png",
		"codes": "csq"
	},
	{
		"name": "R",
		"type": "toggle",
		"img": "images/csr.png",
		"codes": "csr"
	},
	{
		"name": "S",
		"type": "toggle",
		"img": "images/css.png",
		"codes": "css"
	},
	{
		"name": "T",
		"type": "toggle",
		"img": "images/cst.png",
		"codes": "cst"
	},
	{
		"name": "U",
		"type": "toggle",
		"img": "images/csu.png",
		"codes": "csu"
	},
	{
		"name": "V",
		"type": "toggle",
		"img": "images/csv.png",
		"codes": "csv"
	},
	{
		"name": "W",
		"type": "toggle",
		"img": "images/csw.png",
		"codes": "csw"
	},
	{
		"name": "X",
		"type": "toggle",
		"img": "images/csx.png",
		"codes": "csx"
	},
	{
		"name": "Y",
		"type": "toggle",
		"img": "images/csy.png",
		"codes": "csy"
	},
	{
		"name": "Z",
		"type": "toggle",
		"img": "images/csz.png",
		"codes": "csz"
	},
	{
		"name": "This location is the entrance to D1.",
		"type": "toggle",
		"img": "images/csd1.png",
		"codes": "csd1"
	},
	{
		"name": "This location is the entrance to D2.",
		"type": "toggle",
		"img": "images/csd2.png",
		"codes": "csd2"
	},
	{
		"name": "This location is the entrance to D3.",
		"type": "toggle",
		"img": "images/csd3.png",
		"codes": "csd3"
	},
	{
		"name": "This location is the entrance to D4.",
		"type": "toggle",
		"img": "images/csd4.png",
		"codes": "csd4"
	},
	{
		"name": "This location is the entrance to D5.",
		"type": "toggle",
		"img": "images/csd5.png",
		"codes": "csd5"
	},
	{
		"name": "This location is one of the entrances to D6.",
		"type": "toggle",
		"img": "images/csd6.png",
		"codes": "csd6"
	},
	{
		"name": "This location is the entrance to D7.",
		"type": "toggle",
		"img": "images/csd7.png",
		"codes": "csd7"
	},
	{
		"name": "This location is one of the entrances to D8.",
		"type": "toggle",
		"img": "images/csd8.png",
		"codes": "csd8"
	},
	{
		"name": "This location is blocked off from only one side.",
		"type": "toggle",
		"img": "images/csoneway.png",
		"codes": "csoneway"
	},
	{
		"name": "This location has something important.",
		"type": "toggle",
		"img": "images/cstriangle.png",
		"codes": "cstriangle"
	},
	{
		"name": "This location has a chest that hasn't been taken yet.",
		"type": "toggle",
		"img": "images/chest.png",
		"codes": "cschest"
	},
	{
		"name": "This location has the Town Tool Shop.",
		"type": "toggle",
		"img": "images/csshop.png",
		"codes": "csshop"
	},
	{
		"name": "This location has the Trendy Game.",
		"type": "toggle",
		"img": "images/yoshi.png",
		"codes": "cstrendy"
	},
	{
		"name": "This location has a telephone booth.",
		"type": "toggle",
		"img": "images/csphone.png",
		"codes": "csphone"
	},
	{
		"name": "This location has the Color Dungeon.",
		"type": "toggle",
		"img": "images/csd0.png",
		"codes": "csd0"
	},
	{
		"name": "This location has the Dream Shrine.",
		"type": "toggle",
		"img": "images/csbed.png",
		"codes": "csbed"
	},
	{
		"name": "This location has the Rooster's Grave.",
		"type": "toggle",
		"img": "images/csskeleton.png",
		"codes": "csskeleton"
	},
	{
		"name": "This location has or requires the Flying Rooster.",
		"type": "toggle",
		"img": "images/csrooster.png",
		"codes": "csrooster"
	},
	{
		"name": "This location has Richard.",
		"type": "toggle",
		"img": "images/csrichard.png",
		"codes": "csrichard"
	},
	{
		"name": "This location has Crazy Tracy.",
		"type": "toggle",
		"img": "images/cstracy.png",
		"codes": "cstracy"
	},
	{
		"name": "This location has Syrup the Witch.",
		"type": "toggle",
		"img": "images/cssyrup.png",
		"codes": "cssyrup"
	},
	{
		"name": "This location has Manbo.",
		"type": "toggle",
		"img": "images/manbo.png",
		"codes": "csmanbo"
	},
	{
		"name": "This location has Mamu.",
		"type": "toggle",
		"img": "images/csfrog.png",
		"codes": "csfrog"
	},
	{
		"name": "This location has Mrs. Papahl.",
		"type": "toggle",
		"img": "images/csmama.png",
		"codes": "csmama"
	},
	{
		"name": "This location has Madam MeowMeow.",
		"type": "toggle",
		"img": "images/csmeow.png",
		"codes": "csmeow"
	},
	{
		"name": "This location has Sale.",
		"type": "toggle",
		"img": "images/cscroc.png",
		"codes": "cscroc"
	},
	{
		"name": "This location has Chef Bear.",
		"type": "toggle",
		"img": "images/csbear.png",
		"codes": "csbear"
	},
	{
		"name": "This location has Papahl.",
		"type": "toggle",
		"img": "images/cspapa.png",
		"codes": "cspapa"
	},
	{
		"name": "This location has Christine.",
		"type": "toggle",
		"img": "images/csgoat.png",
		"codes": "csgoat"
	},
	{
		"name": "This location has Mr. Wright.",
		"type": "toggle",
		"img": "images/cswright.png",
		"codes": "cswright"
	},
	{
		"name": "This location has the boomerang salesman.",
		"type": "toggle",
		"img": "images/csboomerang.png",
		"codes": "csboomerang"
	},
	{
		"name": "This location has a Mad Batter.",
		"type": "toggle",
		"img": "images/csmadbatter.png",
		"codes": "csbatter"
	},
	{
		"name": "This location has an out-of-reach Piece of Heart.",
		"type": "toggle",
		"img": "images/heartPiece.png",
		"codes": "cspoh"
	},
	{
		"name": "This location has an out-of-reach seashell.",
		"type": "toggle",
		"img": "images/shell.png",
		"codes": "csshell"
	},
	{
		"name": "This location has CiaoCiao",
		"type": "toggle",
		"img": "images/csciao.png",
		"codes": "csciao"
	},
	{
		"name": "This location has the Moblin Cave.",
		"type": "toggle",
		"img": "images/csmoblin.png",
		"codes": "csmoblin"
	},
	{
		"name": "This location requires a sword.",
		"type": "toggle",
		"img": "images/sword_1.png",
		"codes": "cssword"
	},
	{
		"name": "This location requires the bombs.",
		"type": "toggle",
		"img": "images/bomb.png",
		"codes": "csbomb"
	},
	{
		"name": "This location requires the feather.",
		"type": "toggle",
		"img": "images/feather.png",
		"codes": "csfeather"
	},
	{
		"name": "This location requires the Power Bracelet.",
		"type": "toggle",
		"img": "images/bracelet_1.png",
		"codes": "cslift"
	},
	{
		"name": "This location requires the Pegasus Boots.",
		"type": "toggle",
		"img": "images/boots.png",
		"codes": "csboots"
	},
	{
		"name": "This location requires the Flippers.",
		"type": "toggle",
		"img": "images/flippers.png",
		"codes": "csflippers"
	},
	{
		"name": "This location requires the Hookshot.",
		"type": "toggle",
		"img": "images/hookshot.png",
		"codes": "cshookshot"
	},
	{
		"name": "This location requires the Mirror Shield.",
		"type": "toggle",
		"img": "images/shield_2.png",
		"codes": "csmirror"
	},
	{
		"name": "This location has the Armos Knight.",
		"type": "toggle",
		"img": "images/csarmos.png",
		"codes": "csarmos"
	},
	{
		"name": "This location leads to the interior of Kanalet Castle.",
		"type": "toggle",
		"img": "images/csdarknut.png",
		"codes": "csdarknut"
	},
	{
		"name": "This location has Kanalet Castle's Ball and Chain Knight.",
		"type": "toggle",
		"img": "images/csballchainknight.png",
		"codes": "csballchainknight"
	},
	{
		"name": "This location has the Library.",
		"type": "toggle",
		"img": "images/cslibrary.png",
		"codes": "cslibrary"
	},
	{
		"name": "This location has the Seashell Mansion.",
		"type": "toggle",
		"img": "images/cssword2.png",
		"codes": "csmansion"
	},
	{
		"name": "This location is the Rooster Key Cave.",
		"type": "toggle",
		"img": "images/csroosterkeycave.png",
		"codes": "csroosterkeycave"
	},
	{
		"name": "This location requires the boots and the bombs.",
		"type": "toggle",
		"img": "images/csbootsbomb.png",
		"codes": "csbootsbomb"
	},
	{
		"name": "This location requires both the hookshot and the feather.",
		"type": "toggle",
		"img": "images/csfeatherhookshot.png",
		"codes": "csfeatherhookshot"
	},
	{
		"name": "This location requires both the feather and the bracelet.",
		"type": "toggle",
		"img": "images/csbraceletfeather.png",
		"codes": "csbraceletfeather"
	},
	{
		"name": "This location requires both the bow and bombs.",
		"type": "toggle",
		"img": "images/csbowbombs.png",
		"codes": "csbowbombs"
	},
	{
		"name": "Debug Flag",
		"type": "toggle",
		"img": "images/linkface.png",
		"codes": "debugFlag"
	},
	{
		"name": "Cave Shuffle Notification",
		"type": "toggle",
		"img": "images/csnotif.png",
		"codes": "csnotif"
	},	
	{
		"name": "LinkFace",
		"type": "toggle",
		"img": "images/linkface.png",
		"codes": "linkface"
	}
]