[
    {
		"name": "Shows the locations of all the unchanged shell locations.",
		"type": "progressive",
		"allow_disabled": false,
		"loop": true,
		"initial_stage_idx": 0,
		"stages": [
			{
				"img": "images/settings/RandomizeHiddenShells.png",  
				"codes": "ladxr_setting_shellsanity_on",
				"inherit_codes": false
			},
			{
				"img": "images/settings/DontShowShells.png",
				"codes": "ladxr_setting_shellsanity_off",
				"inherit_codes": false
			}
		]
    },
	{
		"name": "Turn this setting on if you've turned on 'Randomize Heart Pieces' in the randomizer settings.",
		"type": "progressive",
		"allow_disabled": false,
		"loop": true,
		"initial_stage_idx": 0,
		"stages": [
			{
				"img": "images/settings/HeartPieceTextOn.png",
				"codes": "setting_heartPiece_shuffle_on",
				"inherit_codes": false
			},
			{
				"img": "images/settings/HeartPieceTextOff.png",
				"codes": "setting_heartPiece_shuffle_off",
				"inherit_codes": false
			}
		]
	},
    {
		"name": "This tracker setting allows you to show which chests in dungeons are available with the number of keys that you have.  This doesn't apply to the Color Dungeon.",
		"type": "progressive",
		"allow_disabled": false,
		"loop": true,
		"stages": [
			{
				"img": "images/settings/showKeyLogic.png",
				"inherit_codes": false,
				"codes": "showKeyLogic"
            },
            {
				"img": "images/settings/hideKeyLogic.png",
				"inherit_codes": false,
				"codes": "hideKeyLogic"
			}
		]
    },
    {
		"name": "This is the amount of instruments required to open the egg.  Applicable only for version 0.50 of the randomizer.",
		"type": "progressive",
		"allow_disabled": false,
		"loop": true,
		"stages": [
			{
				"img": "images/settings/numInst8.png",
				"inherit_codes": false,
				"codes": "setting_numInst8"
			},
			{
				"img": "images/settings/numInst7.png",
				"inherit_codes": false,
				"codes": "setting_numInst7"
			},
			{
				"img": "images/settings/numInst6.png",
				"inherit_codes": false,
				"codes": "setting_numInst6"
			},
			{
				"img": "images/settings/numInst5.png",
				"inherit_codes": false,
				"codes": "setting_numInst5"
			},
			{
				"img": "images/settings/numInst4.png",
				"inherit_codes": false,
				"codes": "setting_numInst4"
			},
			{
				"img": "images/settings/numInst3.png",
				"inherit_codes": false,
				"codes": "setting_numInst3"
			},
			{
				"img": "images/settings/numInst2.png",
				"inherit_codes": false,
				"codes": "setting_numInst2"
			},
			{
				"img": "images/settings/numInst1.png",
				"inherit_codes": false,
				"codes": "setting_numInst1"
			},
			{
				"img": "images/settings/numInst0.png",
				"inherit_codes": false,
				"codes": "setting_numInst0"
            },
            {
                "img": "images/settings/numInstOpen.png",
                "inherit_codes": false,
                "codes": "setting_numInstOpen"
            }
		]
    },




    //LADXR Specific Items




    {
		"name": "Full Moon Cello",
		"type": "toggle",
		"img": "images/1_cello.png",
		"codes": "cello,tc"
    },
    {
		"name": "Conch Horn",
		"type": "toggle",
		"img": "images/2_conch.png",
		"codes": "conch,bg"
	}, 
	{
		"name": "Sea Lily's Bell",
		"type": "toggle",
		"img": "images/3_bell.png",
		"codes": "bell,kc"
	}, 
	{
		"name": "Surf Harp",
		"type": "toggle",
		"img": "images/4_harp.png",
		"codes": "harp,at"
	}, 
	{
		"name": "Wind Marimba",
		"type": "toggle",
		"img": "images/5_marimba.png",
		"codes": "marimba,cm"
	}, 
	{
		"name": "Coral Triangle",
		"type": "toggle",
		"img": "images/6_triangle.png",
		"codes": "triangle,fs"
	},
	{
		"name": "Organ of Evening Calm",
		"type": "toggle",
		"img": "images/7_organ.png",
		"codes": "organ,et"
	}, 
	{
		"name": "Thunder Drum",
		"type": "toggle",
		"img": "images/8_drum.png",
		"codes": "drum,tr"
    },
    {
        "name": "Golden Leaves",
        "type": "progressive",
        "allow_disabled": true,
        "loop": false,
        "stages": [
            {
                "img": "images/leaf.png",
                "codes": "oneleaf, leaf, goldleaf",
                "inherit_codes": true
            },
			{
				"img": "images/leaf2.png",
				"codes": "twoleaf",
				"inherit_codes": true
			},
			{
				"img": "images/leaf3.png",
				"codes": "threeleaf",
				"inherit_codes": true
			},
			{
				"img": "images/leaf4.png",
				"codes": "fourleaf",
				"inherit_codes": true
			},
			{
				"img": "images/leaf5.png",
				"codes": "fiveleaf",
				"inherit_codes": true
			}
        ]
    },
    {
        "name": "Slime Key",
        "type": "toggle",
        "allow_disabled": true,
        "loop": true,
        "codes": "slime"
	},
	{
		"name": "Master Stalfos",
		"type": "progressive",
		"allow_disabled": true,
		"loop": false,
		"stages": [
			{
				"img": "images/masterstalfos.png",
				"codes": "stalfos1"
			},
			{
				"img": "images/masterstalfos.png",
				"codes": "stalfos2"
			},
			{
				"img": "images/masterstalfos.png",
				"codes": "stalfos3"
			},
			{
				"img": "images/masterstalfos.png",
				"codes": "stalfos4"
			}
		]
	},
	{
		"name": "Shovel traded on the Beach",
		"type": "toggle_badged",
		"base_item": "shovel",
		"img": "images/overlay_salesman.png",
		"codes": "shovelsalesman"
	},
	{
		"name": "Feather traded on the Beach",
		"type": "toggle_badged",
		"base_item": "feather",
		"img": "images/overlay_salesman.png",
		"codes": "feathersalesman"
	},
	{
		"name": "Boots traded on the Beach",
		"type": "toggle_badged",
		"base_item": "boots",
		"img": "images/overlay_salesman.png",
		"codes": "bootssalesman"
	},
	{
		"name": "Hookshot traded on the Beach",
		"type": "toggle_badged",
		"base_item": "hookshot",
		"img": "images/overlay_salesman.png",
		"codes": "hookshotsalesman"
	},
	{
		"name": "Magic Rod traded on the Beach",
		"type": "toggle_badged",
		"base_item": "rod",
		"img": "images/overlay_salesman.png",
		"codes": "rodsalesman"
	}
    





]