[
	{
		"name": "A",
		"type": "toggle",
		"img": "images/csa.png",
		"codes": "csa"
	},
	{
		"name": "B",
		"type": "toggle",
		"img": "images/csb.png",
		"codes": "csb"
	},
	{
		"name": "C",
		"type": "toggle",
		"img": "images/csc.png",
		"codes": "csc"
	},
	{
		"name": "D",
		"type": "toggle",
		"img": "images/csd.png",
		"codes": "csd"
	},
	{
		"name": "E",
		"type": "toggle",
		"img": "images/cse.png",
		"codes": "cse"
	},
	{
		"name": "F",
		"type": "toggle",
		"img": "images/csf.png",
		"codes": "csf"
	},
	{
		"name": "G",
		"type": "toggle",
		"img": "images/csg.png",
		"codes": "csg"
	},
	{
		"name": "H",
		"type": "toggle",
		"img": "images/csh.png",
		"codes": "csh"
	},
	{
		"name": "I",
		"type": "toggle",
		"img": "images/csi.png",
		"codes": "csi"
	},
	{
		"name": "J",
		"type": "toggle",
		"img": "images/csj.png",
		"codes": "csj"
	},
	{
		"name": "K",
		"type": "toggle",
		"img": "images/csk.png",
		"codes": "csk"
	},
	{
		"name": "L",
		"type": "toggle",
		"img": "images/csl.png",
		"codes": "csl"
	},
	{
		"name": "M",
		"type": "toggle",
		"img": "images/csm.png",
		"codes": "csm"
	},
	{
		"name": "N",
		"type": "toggle",
		"img": "images/csn.png",
		"codes": "csn"
	},
	{
		"name": "O",
		"type": "toggle",
		"img": "images/cso.png",
		"codes": "cso"
	},
	{
		"name": "P",
		"type": "toggle",
		"img": "images/csp.png",
		"codes": "csp"
	},
	{
		"name": "Q",
		"type": "toggle",
		"img": "images/csq.png",
		"codes": "csq"
	},
	{
		"name": "R",
		"type": "toggle",
		"img": "images/csr.png",
		"codes": "csr"
	},
	{
		"name": "S",
		"type": "toggle",
		"img": "images/css.png",
		"codes": "css"
	},
	{
		"name": "T",
		"type": "toggle",
		"img": "images/cst.png",
		"codes": "cst"
	},
	{
		"name": "U",
		"type": "toggle",
		"img": "images/csu.png",
		"codes": "csu"
	},
	{
		"name": "V",
		"type": "toggle",
		"img": "images/csv.png",
		"codes": "csv"
	},
	{
		"name": "W",
		"type": "toggle",
		"img": "images/csw.png",
		"codes": "csw"
	},
	{
		"name": "X",
		"type": "toggle",
		"img": "images/csx.png",
		"codes": "csx"
	},
	{
		"name": "Y",
		"type": "toggle",
		"img": "images/csy.png",
		"codes": "csy"
	},
	{
		"name": "Z",
		"type": "toggle",
		"img": "images/csz.png",
		"codes": "csz"
	},
	{
		"name": "This location is the entrance to D1.",
		"type": "toggle",
		"img": "images/csd1.png",
		"codes": "csd1"
	},
	{
		"name": "This location is the entrance to D2.",
		"type": "toggle",
		"img": "images/csd2.png",
		"codes": "csd2"
	},
	{
		"name": "This location is the entrance to D3.",
		"type": "toggle",
		"img": "images/csd3.png",
		"codes": "csd3"
	},
	{
		"name": "This location is the entrance to D4.",
		"type": "toggle",
		"img": "images/csd4.png",
		"codes": "csd4"
	},
	{
		"name": "This location is the entrance to D5.",
		"type": "toggle",
		"img": "images/csd5.png",
		"codes": "csd5"
	},
	{
		"name": "This location is one of the entrances to D6.",
		"type": "toggle",
		"img": "images/csd6.png",
		"codes": "csd6"
	},
	{
		"name": "This location is the entrance to D7.",
		"type": "toggle",
		"img": "images/csd7.png",
		"codes": "csd7"
	},
	{
		"name": "This location is one of the entrances to D8.",
		"type": "toggle",
		"img": "images/csd8.png",
		"codes": "csd8"
	},
	{
		"name": "This location is blocked off from only one side.",
		"type": "toggle",
		"img": "images/csoneway.png",
		"codes": "csoneway"
	},
	{
		"name": "This location has something important.",
		"type": "toggle",
		"img": "images/cstriangle.png",
		"codes": "cstriangle"
	},
	{
		"name": "This location has a chest that hasn't been taken yet.",
		"type": "toggle",
		"img": "images/chest.png",
		"codes": "cschest"
	},
	{
		"name": "This location has the Town Tool Shop.",
		"type": "toggle",
		"img": "images/csshop.png",
		"codes": "csshop"
	},
	{
		"name": "This location has the Trendy Game.",
		"type": "toggle",
		"img": "images/yoshi.png",
		"codes": "cstrendy"
	},
	{
		"name": "This location has a telephone booth.",
		"type": "toggle",
		"img": "images/csphone.png",
		"codes": "csphone"
	},
	{
		"name": "This location has the Color Dungeon.",
		"type": "toggle",
		"img": "images/csd0.png",
		"codes": "csd0"
	},
	{
		"name": "This location has the Dream Shrine.",
		"type": "toggle",
		"img": "images/csbed.png",
		"codes": "csbed"
	},
	{
		"name": "This location has the Rooster's Grave.",
		"type": "toggle",
		"img": "images/csskeleton.png",
		"codes": "csskeleton"
	},
	{
		"name": "This location has or requires the Flying Rooster.",
		"type": "toggle",
		"img": "images/csrooster.png",
		"codes": "csrooster"
	},
	{
		"name": "This location has Richard.",
		"type": "toggle",
		"img": "images/csrichard.png",
		"codes": "csrichard"
	},
	{
		"name": "This location has Crazy Tracy.",
		"type": "toggle",
		"img": "images/cstracy.png",
		"codes": "cstracy"
	},
	{
		"name": "This location has Syrup the Witch.",
		"type": "toggle",
		"img": "images/cssyrup.png",
		"codes": "cssyrup"
	},
	{
		"name": "This location has Manbo.",
		"type": "toggle",
		"img": "images/manbo.png",
		"codes": "csmanbo"
	},
	{
		"name": "This location has Mamu.",
		"type": "toggle",
		"img": "images/csfrog.png",
		"codes": "csfrog"
	},
	{
		"name": "This location has Mrs. Papahl.",
		"type": "toggle",
		"img": "images/csmama.png",
		"codes": "csmama"
	},
	{
		"name": "This location has Madam MeowMeow.",
		"type": "toggle",
		"img": "images/csmeow.png",
		"codes": "csmeow"
	},
	{
		"name": "This location has Sale.",
		"type": "toggle",
		"img": "images/cscroc.png",
		"codes": "cscroc"
	},
	{
		"name": "This location has Chef Bear.",
		"type": "toggle",
		"img": "images/csbear.png",
		"codes": "csbear"
	},
	{
		"name": "This location has Papahl.",
		"type": "toggle",
		"img": "images/cspapa.png",
		"codes": "cspapa"
	},
	{
		"name": "This location has Christine.",
		"type": "toggle",
		"img": "images/csgoat.png",
		"codes": "csgoat"
	},
	{
		"name": "This location has Mr. Wright.",
		"type": "toggle",
		"img": "images/cswright.png",
		"codes": "cswright"
	},
	{
		"name": "This location has the boomerang salesman.",
		"type": "toggle",
		"img": "images/csboomerang.png",
		"codes": "csboomerang"
	},
	{
		"name": "This location has a Mad Batter.",
		"type": "toggle",
		"img": "images/csmadbatter.png",
		"codes": "csbatter"
	},
	{
		"name": "This location has an out-of-reach Piece of Heart.",
		"type": "toggle",
		"img": "images/heartPiece.png",
		"codes": "cspoh"
	},
	{
		"name": "This location has an out-of-reach seashell.",
		"type": "toggle",
		"img": "images/shell.png",
		"codes": "csshell"
	},
	{
		"name": "This location has CiaoCiao",
		"type": "toggle",
		"img": "images/csciao.png",
		"codes": "csciao"
	},
	{
		"name": "This location has the Moblin Cave.",
		"type": "toggle",
		"img": "images/csmoblin.png",
		"codes": "csmoblin"
	},
	{
		"name": "This location requires a sword.",
		"type": "toggle",
		"img": "images/sword_1.png",
		"codes": "cssword"
	},
	{
		"name": "This location requires the bombs.",
		"type": "toggle",
		"img": "images/bomb.png",
		"codes": "csbomb"
	},
	{
		"name": "This location requires the feather.",
		"type": "toggle",
		"img": "images/feather.png",
		"codes": "csfeather"
	},
	{
		"name": "This location requires the Power Bracelet.",
		"type": "toggle",
		"img": "images/bracelet_1.png",
		"codes": "cslift"
	},
	{
		"name": "This location requires the Pegasus Boots.",
		"type": "toggle",
		"img": "images/boots.png",
		"codes": "csboots"
	},
	{
		"name": "This location requires the Flippers.",
		"type": "toggle",
		"img": "images/flippers.png",
		"codes": "csflippers"
	},
	{
		"name": "This location requires the Hookshot.",
		"type": "toggle",
		"img": "images/hookshot.png",
		"codes": "cshookshot"
	},
	{
		"name": "This location requires the Mirror Shield.",
		"type": "toggle",
		"img": "images/shield_2.png",
		"codes": "csmirror"
	},
	{
		"name": "This location has the Armos Knight.",
		"type": "toggle",
		"img": "images/csarmos.png",
		"codes": "csarmos"
	},
	{
		"name": "This location leads to the interior of Kanalet Castle.",
		"type": "toggle",
		"img": "images/csdarknut.png",
		"codes": "csdarknut"
	},
	{
		"name": "This location has Kanalet Castle's Ball and Chain Knight.",
		"type": "toggle",
		"img": "images/csballchainknight.png",
		"codes": "csballchainknight"
	},
	{
		"name": "This location has the Library.",
		"type": "toggle",
		"img": "images/cslibrary.png",
		"codes": "cslibrary"
	},
	{
		"name": "This location has the Seashell Mansion.",
		"type": "toggle",
		"img": "images/cssword2.png",
		"codes": "csmansion"
	},
	{
		"name": "This location is the Rooster Key Cave.",
		"type": "toggle",
		"img": "images/csroosterkeycave.png",
		"codes": "csroosterkeycave"
	},
	{
		"name": "This location requires the boots and the bombs.",
		"type": "toggle",
		"img": "images/csbootsbomb.png",
		"codes": "csbootsbomb"
	},
	{
		"name": "This location requires both the hookshot and the feather.",
		"type": "toggle",
		"img": "images/csfeatherhookshot.png",
		"codes": "csfeatherhookshot"
	},
	{
		"name": "This location requires both the feather and the bracelet.",
		"type": "toggle",
		"img": "images/csbraceletfeather.png",
		"codes": "csbraceletfeather"
	},
	{
		"name": "This location requires both the bow and bombs.",
		"type": "toggle",
		"img": "images/csbowbombs.png",
		"codes": "csbowbombs"
	},
	{
		"name": "Cave Shuffle Notification",
		"type": "toggle",
		"img": "images/csnotif.png",
		"codes": "csnotif"
    }
]