[
    {
      "name": "Acid Worm",
      "type": "toggle",
      "loop": "true",
      "img": "images/bosses/acidworm.png",
      "codes": "acidwormitem"
    },
    {
      "name": "Kraid",
      "type": "toggle",
      "loop": "true",
      "img": "images/bosses/kraid.png",
      "codes": "kraiditem"
    },
    {
      "name": "Ridley",
      "type": "toggle",
      "loop": "true",
      "img": "images/bosses/ridley.png",
      "codes": "ridleyitem"
    },
    {
      "name": "Chozo Statue",
      "type": "toggle",
      "loop": "true",
      "img": "images/bosses/charlie.png",
      "codes": "charlieitem"
    },
    {
      "name": "Mother Brain",
      "type": "toggle",
      "loop": true,
      "img": "images/bosses/motherbrain.png",
      "codes": "motherbrainitem"
    }
  ]