{
    "item_grid": {
        "type": "itemgrid",
        "h_alignment": "stretch",
        "item_margin": "1,2",
        "rows": [
            ["shield", "sword", "mushroom", "shovel", "bombs", "bow"],
            ["feather", "bracelet", "boots", "flippers", "hookshot", "rod"],
            ["ocarina", "marin", "frog", "shell", "yoshi", "armor"],
            ["tailkey", "anglerkey", "facekey", "eaglekey", "slimekey", "leaves"],
            ["cello", "conch", "bell", "harp", "marimba", "triangle", "organ", "drum", "color"],
            ["D1SK", "D2SK", "D3SK", "D4SK", "D5SK", "D6SK", "D7SK", "D8SK", "D0SK"],
            ["D1BK", "D2BK", "D3BK", "D4BK", "D5BK", "D6BK", "D7BK", "D8BK", "D0BK"]
        ]
    },
    "settings_grid": {
        "type": "itemgrid",
        "h_alignment": "left",
        "v_alignment": "left",
        "item_margin": "10,2",
        "rows": [
            ["setting_overworldmods_off", "setting_cavemods_on"],
            ["setting_shellsanity_off", "setting_sword_shuffle_off"],
            ["setting_heartPiece_shuffle_on", "setting_walrus_off"],
            ["setting_startchest_on", "setting_betacave_on"]
        ]
    },
    "settings_popup": {
        "type": "array",
        "margin": "5",
        "content": [
            {
                "type": "group",
                "header": "Settings",
                "header_background": "#3e4b57",
                "content": [
                    {
                        "type": "item",
                        "margin": "-5,-1,-5,-5",
                        "item": "setting_overworldmods_on"
                    }
                ]
            }
        ]
    },
    "tracker_default": {
      "type": "container",
      "background": "#877373",
      "content": {
          "type": "dock",
          "header": "test",
          "dropshadow": true,
          "content": [
              {
                  "type": "dock",
                  "dock": "bottom",
                  "content": [
                    {
                        "type": "dock",
                        "dock": "left",
                        "content": [
                            {
                                "type": "group",
                                "header": "Items",
                                "content": [
                                    {
                                        "type": "layout",
                                        "key": "item_grid"
                                    }
                                ]
                            } 
                        ]
                    },

                      {
                          "type": "group",
                          "header": "Pinned Locations",
                          "dock": "right",
                          "content": {
                              "type": "recentpins",
                              "style": "wrap",
                              "h_alignment": "stretch",
                              "v_alignment": "stretch",
                              "orientation": "vertical",
                              "compact": true
                          }
                      },
                      {
                          "type": "group",
                          "header": "Settings",
                          "content": {
                              "type": "layout",
                              "key": "settings_grid"
                          }
                      }
                  ]
                },
                {
                    "type": "dock",
                    "v_alignment":"stretch",
                    "margin": "0,0,0,0",
                    "content": [
                        {
                            "type": "tabbed",
                            "dock": "top",
                            "tabs": [
                                {
                                    "title": "Overworld",
                                    "icon": "images/Egg.png",
                                    "content": {
                                        "type": "map",
                                        "maps": ["worldmap"]
                                    }
                                },
                                {
                                    "title": "D1",
                                    "icon": "images/cello.png",
                                    "content": {
                                        "type": "map",
                                        "maps": ["D1"]
                                    }
                                },
                                {
                                    "title": "D2",
                                    "icon": "images/conch.png",
                                    "content": {
                                        "type": "map",
                                        "maps": ["D2"]
                                    }
                                },
                                {
                                    "title": "D3",
                                    "icon": "images/bell.png",
                                    "content": {
                                        "type": "map",
                                        "maps": ["D3"]
                                    }
                                },
                                {
                                    "title": "D4",
                                    "icon": "images/harp.png",
                                    "content": {
                                        "type": "map",
                                        "maps": ["D4"]
                                    }
                                },
                                {
                                    "title": "D5",
                                    "icon": "images/marimba.png",
                                    "content": {
                                        "type": "map",
                                        "maps": ["D5"]
                                    }
                                },
                                {
                                    "title": "D6",
                                    "icon": "images/triangle.png",
                                    "content": {
                                        "type": "map",
                                        "maps": ["D6"]
                                    }
                                },
                                {
                                    "title": "D7",
                                    "icon": "images/organ.png",
                                    "content": {
                                        "type": "map",
                                        "maps": ["D7"]
                                    }
                                },
                                {
                                    "title": "D8",
                                    "icon": "images/drum.png",
                                    "content": {
                                        "type": "map",
                                        "maps": ["D8"]
                                    }
                                },
                                {
                                    "title": "D0",
                                    "icon": "images/redblue_mail.png",
                                    "content": {
                                        "type": "map",
                                        "maps": ["D0"]
                                    }
                                }
                            ]
                        }
                    ]
                }
            ]
        }
    }
}
