﻿{
  "tracker_broadcast": {
    "type": "array",
    "margin": "5,5,5,5",
    "content": [
      {
        "type": "itemgrid",
        "h_alignment": "center",
        "item_margin": "5,8",
        "rows": [

          ["shield", "sword", "mushroom", "shovel"],
          ["bombs", "bow", "feather", "lift1"],
          ["boots", "flippers", "hookshot", "rod"],
          ["ocarina", "ballad", "soul", "shell"],
          ["yoshi","armor", "poh", "slime"],
          ["tail","angler","face","eagle"],
          ["","drum","cello",""],
          ["organ","","","conch"],
          // ["linkface"],
          ["triangle","","","bell"],
          ["","marimba","harp",""]
        ]
      }
    ]
  }
}