﻿{
  "tracker_broadcast": {
    "type": "array",
    "margin": "5,5,5,5",
    "content": [
      {
        "type": "itemgrid",
        "h_alignment": "center",
        "item_margin": "5,8",
        "rows": [

          ["shield", "sword", "powderbatter", "shovelboomerang"],
          ["bombbatter", "bowbatter", "featherboomerang", "lift1"],
          ["bootsboomerang", "flippers", "hookshotboomerang", "rodboomerang"],
          ["ocarina", "ballad", "soul", "shell"],
          ["yoshi","armor", "poh", "slime"],
          ["tail","angler","face","eagle"],
          ["","drum","cello",""],
          ["organ","","","conch"],
          ["linkface"],
          ["triangle","","","bell"],
          ["","marimba","harp",""]
        ]
      }
    ]
  }
}