{
    "tracker_capture_item": {
        "type": "container",
        "content": {
            "type": "itemgrid",
            "h_alignment": "center",
            "item_margin": "1,2",
            "rows": [
                ["shield", "sword", "shovel", "bow", "GSK", "GBK", "poh"],

                ["feather", "lift1", "boots", "flippers", "hookshot", "rod", "boomerang"],

                ["tail", "angler", "face", "bird", "slime", "oneleaf", "ocarina"]
            ]
        }
    }
}





