{
    "tracker_capture_item": {
        "type": "container",
        "content": {
            "type": "itemgrid",
            "h_alignment": "center",
            "item_margin": "1,2",
            "rows": [
                ["poh","mushroom","shovel","bombs","bow"],
                ["shell","yoshi","leaf","genericSmallKey","genericBigKey"],
                ["feather","lift1","boots","flippers","hookshot"],
                ["ocarina","armor","shield2","sword","rod"],
                ["tail","angler","face","eagle","slime"]
            ]
        }
    }
}