{
    "tracker_capture_item": {
        "type": "container",
        "content": {
            "type": "itemgrid",
            "h_alignment": "center",
            "item_margin": "1,2",
            "rows": [
                ["csa","csb","csc","csd","cse","csf","csg"],
                ["csh","csi","csj","csk","csl","csm","csn"],
                ["cso","csp","csq","csr","css","cst","csu"],
                ["csv","csw","csx","csy","csz","csd1","csd2"],
                ["csd3","csd4","csd5","csd6","csd7","csd8","csd0"]
            ]
        }
    }
}