{
    "tracker_capture_item": {
        "type": "container",
        "content": {
            "type": "itemgrid",
            "h_alignment": "left",
            "v_alignment": "left",
            "item_margin": "1,2",
            "rows": [
                ["csoneway","cstriangle","cschest","csshop","cstrendy","csphone","csd0","csbed"],

                ["csskeleton","csrooster","csrichard","cstracy","cssyrup","csmanbo","csfrog"],
                ["csmama","csciao","cscroc","csbear","cspapa","csgoat","cswright"],
                ["csboomerang","csbatter","cspoh","csshell","csmeow","csmoblin"],

                ["cssword","csbomb","csfeather","cslift","csboots", "csflippers","cshookshot", "csmirror"],

                ["csd1","csd2","csd3","csd4","csd5","csd6","csd7","csd8"],

                ["csa","csb","csc","csd","cse","csf","csg","csh"],
                ["csi","csj","csk","csl","csm","csn","cso","csp"],
                ["csq","csr","css","cst","csu","csv","csw","csx"]
            ]
        }
    }
}