﻿{
  "tracker_broadcast": {
    "type": "array",
    "margin": "5,5,5,5",
    "content": [
      {
        "type": "itemgrid",
        "h_alignment": "center",
        "item_margin": "5,8",
        "rows": [

          ["shield", "sword", "powdercapacity", "shovelsalesman"],
          ["bombcapacity", "bowcapacity", "feathersalesman", "lift1"],
          ["bootssalesman", "flippers", "hookshotsalesman", "rodsalesman"],
          ["ocarina", "ballad", "soul", "boomerang"],
          ["armor", "shell","oneleaf","slime"],
          ["tail","angler","face","eagle"],
          ["","drum","cello",""],
          ["organ","","","conch"],
          ["triangle","","","bell"],
          ["","marimba","harp",""]
        ]
      }
    ]
  }
}