﻿{
  "tracker_broadcast": {
    "type": "array",
    "margin": "5,5,5,5",
    "content": [
      {
        "type": "itemgrid",
        "h_alignment": "center",
        "item_margin": "5,8",
        "rows": [

          ["shield", "sword", "mushroom", "powdercapacity", "shovelsalesman", "bombscapacity", "bowcapacity"],
          ["feathersalesman", "bracelet", "bootssalesman", "flippers", "hookshotsalesman", "rodsalesman", "bothclothes"],
          ["ocarina", "marincheck", "manbocheck", "frogcheck", "chomp", "boomerangsalesman", "shells"],
          ["tailkey", "anglerkey", "facekey", "eaglekey", "slime", "oneleaf", "yoshi"],

          ["","drum","cello",""],
          ["organ","","","conch"],
          ["triangle","","","bell"],
          ["","marimba","harp",""]
        ]
      }
    ]
  }
}