﻿{
  "tracker_broadcast": {
    "type": "array",
    "margin": "5,5,5,5",
    "content": [
      {
        "type": "itemgrid",
        "h_alignment": "center",
        "item_margin": "5,8",
        "rows": [

          ["shield", "sword", "mushroompowder", "shovelsalesman", "bombcapacity", "bowcapacity",],
          ["feathersalesman", "lift1", "bootssalesman", "flippers", "hookshotsalesman", "rodsalesman"],
          ["ocarina", "balladcheck", "manbocheck", "soulcheck", "bothclothes", "boomerangsalesman"],
          ["tail","angler","face","eagle", "slime", "oneleaf"],

          ["","drum","cello",""],
          ["organ","","","conch"],
          ["triangle","","","bell"],
          ["","marimba","harp",""]
        ]
      }
    ]
  }
}