﻿{
    "item_grid": {
        "type": "itemgrid",
        "h_alignment": "stretch",
        "item_margin": "1,2",
        "rows": [
            ["shield", "sword", "mushroom", "shovel", "bombs", "bow", "cello", "conch"],
            ["feather", "bracelet", "boots", "flippers", "hookshot", "rod", "bell", "harp"],
            ["ocarina", "marin", "frog", "shell", "yoshi", "armor", "marimba", "triangle"],
            ["tailkey", "anglerkey", "facekey", "eaglekey", "slimekey", "leaves", "organ", "drum"]
        ]
    },
    "key_grid": {
        "type": "itemgrid",
        "h_alignment": "stretch",
        "item_margin": "1,2",
        "rows": [
            ["D1SK", "D2SK", "D3SK", "D4SK", "D5SK", "D6SK", "D7SK", "D8SK"],
            ["D2BK", "D2BK", "D3BK", "D4BK", "D5BK", "D6BK", "D7BK", "D8BK"]
        ]
    },
    "settings_grid": {
        "type": "itemgrid",
        "h_alignment": "left",
        "v_alignment": "left",
        "item_margin": "5,5",
        "rows": [
            ["setting_overworldmods_off", "setting_cavemods_on"],
            ["setting_shellsanity_off", "setting_sword_shuffle_off"],
            ["setting_heartPiece_shuffle_on", "setting_walrus_off"],
            ["setting_startchest_on", "setting_betacave_on"]
        ]
    },
    "tracker_default": {
      "type": "container",
      "background": "#877373",
      "content": {
          "type": "dock",
          "dropshadow": true,
          "content": [
              {
                  "type": "dock",
                  "dock": "bottom",
                  "content": [
                      {
                          "type": "group",
                          "header": "Items",
                          "content": {
                              "type": "layout",
                              "key": "item_grid"
                          }
                      },
                      {
                          "type": "group",
                          "header": "Pinned Locations",
                          "dock": "right",
                          "content": {
                              "type": "recentpins",
                              "style": "wrap",
                              "h_alignment": "stretch",
                              "v_alignment": "stretch",
                              "orientation": "vertical",
                              "compact": true
                          }
                      },
                      {
                          "type": "group",
                          "header": "Settings",
                          "content": {
                              "type": "layout",
                              "key": "settings_grid"
                          }
                      }
                  ]
              },
              {
                  "type": "map",
                  "maps": ["worldmap"]
              }
            ]
        }
    }
}
