{
    "item_grid": {
        "type": "itemgrid",
        "h_alignment": "stretch",
        "item_margin": "4,4",
        "rows": [
            ["shield", "sword", "mushroom", "shovel", "bombs", "bow"],
            ["feather", "bracelet", "boots", "flippers", "hookshot", "rod"],
            ["ocarina", "marin", "frog", "shell", "yoshi", "poh"],
            ["tailkey", "anglerkey", "facekey", "eaglekey", "slimekey", "leaves"],
            ["cello", "D1chests", "conch", "D2chests", "bell","D3chests"],
            ["D1SK","D1BK","D2SK","D2BK","D3SK","D3BK"],
            ["harp","D4chests","marimba","D5chests","triangle","D6chests"],
            ["D4SK","D4BK","D5SK","D5BK","D6SK","D6BK"],
            ["organ","D7chests","drum","D8chests","armor","D0chests"],
            ["D7SK","D7BK","D8SK","D8BK","D0SK","D0BK"]
        ]
    },
    "item_grid_wide":{
        "type": "itemgrid",
        "h_alignment": "left",
        "item_margin": "4,4",
        "rows": [
            ["shield", "sword", "mushroom", "shovel", "bombs", "bow"],
            ["feather", "bracelet", "boots", "flippers", "hookshot", "rod"],
            ["ocarina", "marin", "frog", "shell", "yoshi", "poh"],
            ["tailkey", "anglerkey", "facekey", "eaglekey", "slimekey", "leaves"]
        ]
    },
    "key_grid_wide": {
        "type": "itemgrid",
        "h_alignment": "left",
        "item_margin":"4,4",
        "rows": [
            ["cello", "D1chests", "conch", "D2chests", "bell","D3chests"],
            ["D1SK","D1BK","D2SK","D2BK","D3SK","D3BK"],
            ["harp","D4chests","marimba","D5chests","triangle","D6chests"],
            ["D4SK","D4BK","D5SK","D5BK","D6SK","D6BK"],
            ["organ","D7chests","drum","D8chests","armor","D0chests"],
            ["D7SK","D7BK","D8SK","D8BK","D0SK","D0BK"]
        ]
    },
    "settings_grid": {
        "type": "array",
        "margin": "5",
        "content": [
            {
                "type": "group",
                "header": "Settings",
                "content": [
                    {
                        "type": "item",
                        "item": "setting_overworldmods_on"
                    },
                    {
                        "type": "item",
                        "margin": "0, 50, 0, 0",
                        "item": "setting_cavemods_on"
                    },
                    {
                        "type": "item",
                        "margin":"0, 100, 0, 0",
                        "item": "setting_shellsanity_off"
                    },
                    {
                        "type": "item",
                        "margin": "0, 150, 0, 0",
                        "item": "setting_heartPiece_shuffle_on"
                    },
                    {
                        "type": "item",
                        "margin":"0, 200, 0, 0",
                        "item": "setting_walrus_off"
                    },
                    {
                        "type": "item",
                        "margin":"0, 250, 0, 0",
                        "item": "setting_betacave_on"
                    }
                ]
            }
        ]
    },
    "tracker_default": {
      "type": "container",
      "background": "#877373",
      "content": {
          "type": "dock",
          "dropshadow": true,
          "content": [
              {
                  "type": "dock",
                  "dock": "right",
                  "v_alignment": "stretch",
                  "margin": "0,0,3,0",
                  "content": [
                    {
                        "type": "group",
                        "header": "Items",
                        "dock": "top",
                        "header_content": {
                            "type": "button_popup",
                            "style": "settings",
                            "popup_background": "#50212121",
                            "layout": "settings_grid"
                        },
                        "content": {
                            "type": "layout",
                            "key": "item_grid"
                        }
                    },

                      {
                          "type": "group",
                          "header": "Pinned Locations",
                          "dock": "left",
                          "content": {
                              "type": "recentpins",
                              "style": "wrap",
                              "h_alignment": "stretch",
                              "v_alignment": "stretch",
                              "orientation": "vertical",
                              "compact": true
                          }
                      }
                  ]
                },
                {
                    "type": "dock",
                    "v_alignment":"stretch",
                    "margin": "0,0,0,0",
                    "content": [
                        {
                            "type": "tabbed",
                            "dock": "top",
                            "tabs": [
                                {
                                    "title": "Overworld",
                                    "icon": "images/Egg.png",
                                    "content": {
                                        "type": "map",
                                        "maps": ["worldmap"]
                                    }
                                },
                                {
                                    "title": "D1",
                                    "icon": "images/cello.png",
                                    "content": {
                                        "type": "map",
                                        "maps": ["D1"]
                                    }
                                },
                                {
                                    "title": "D2",
                                    "icon": "images/conch.png",
                                    "content": {
                                        "type": "map",
                                        "maps": ["D2"]
                                    }
                                },
                                {
                                    "title": "D3",
                                    "icon": "images/bell.png",
                                    "content": {
                                        "type": "map",
                                        "maps": ["D3"]
                                    }
                                },
                                {
                                    "title": "D4",
                                    "icon": "images/harp.png",
                                    "content": {
                                        "type": "map",
                                        "maps": ["D4"]
                                    }
                                },
                                {
                                    "title": "D5",
                                    "icon": "images/marimba.png",
                                    "content": {
                                        "type": "map",
                                        "maps": ["D5"]
                                    }
                                },
                                {
                                    "title": "D6",
                                    "icon": "images/triangle.png",
                                    "content": {
                                        "type": "map",
                                        "maps": ["D6"]
                                    }
                                },
                                {
                                    "title": "D7",
                                    "icon": "images/organ.png",
                                    "content": {
                                        "type": "map",
                                        "maps": ["D7"]
                                    }
                                },
                                {
                                    "title": "D8",
                                    "icon": "images/drum.png",
                                    "content": {
                                        "type": "map",
                                        "maps": ["D8"]
                                    }
                                },
                                {
                                    "title": "D0",
                                    "icon": "images/redblue_mail.png",
                                    "content": {
                                        "type": "map",
                                        "maps": ["D0"]
                                    }
                                }
                            ]
                        }
                    ]
                }
            ]
        }
    },
    "tracker_vertical": {
        "type": "container",
        "background": "#877373",
        "content": {
            "type": "dock",
            "dropshadow": true,
            "content": [
                {
                    "type": "dock",
                    "dock": "bottom",
                    "v_alignment": "stretch",
                    "margin": "0,0,3,0",
                    "content": [
                      {
                          "type": "group",
                          "header": "Items",
                          "header_content": {
                              "type": "button_popup",
                              "style": "settings",
                              "popup_background": "#50212121",
                              "layout": "settings_grid"
                          },
                          "content": {
                              "type": "layout",
                              "key": "item_grid_wide"
                          }
                      },
                      {
                          "type": "group",
                          "header": "Dungeons",
                          "dock": "top",
                          "content": {
                              "type": "layout",
                              "key": "key_grid_wide"
                          }
                      },
                        {
                            "type": "group",
                            "header": "Pinned Locations",
                            "dock": "right",
                            "content": {
                                "type": "recentpins",
                                "style": "wrap",
                                "h_alignment": "stretch",
                                "v_alignment": "stretch",
                                "orientation": "vertical",
                                "compact": true
                            }
                        }
                    ]
                  },
                  {
                      "type": "dock",
                      "v_alignment":"stretch",
                      "margin": "0,0,0,0",
                      "content": [
                          {
                              "type": "tabbed",
                              "dock": "top",
                              "tabs": [
                                  {
                                      "title": "Overworld",
                                      "icon": "images/Egg.png",
                                      "content": {
                                          "type": "map",
                                          "maps": ["worldmap"]
                                      }
                                  },
                                  {
                                      "title": "D1",
                                      "icon": "images/cello.png",
                                      "content": {
                                          "type": "map",
                                          "maps": ["D1"]
                                      }
                                  },
                                  {
                                      "title": "D2",
                                      "icon": "images/conch.png",
                                      "content": {
                                          "type": "map",
                                          "maps": ["D2"]
                                      }
                                  },
                                  {
                                      "title": "D3",
                                      "icon": "images/bell.png",
                                      "content": {
                                          "type": "map",
                                          "maps": ["D3"]
                                      }
                                  },
                                  {
                                      "title": "D4",
                                      "icon": "images/harp.png",
                                      "content": {
                                          "type": "map",
                                          "maps": ["D4"]
                                      }
                                  },
                                  {
                                      "title": "D5",
                                      "icon": "images/marimba.png",
                                      "content": {
                                          "type": "map",
                                          "maps": ["D5"]
                                      }
                                  },
                                  {
                                      "title": "D6",
                                      "icon": "images/triangle.png",
                                      "content": {
                                          "type": "map",
                                          "maps": ["D6"]
                                      }
                                  },
                                  {
                                      "title": "D7",
                                      "icon": "images/organ.png",
                                      "content": {
                                          "type": "map",
                                          "maps": ["D7"]
                                      }
                                  },
                                  {
                                      "title": "D8",
                                      "icon": "images/drum.png",
                                      "content": {
                                          "type": "map",
                                          "maps": ["D8"]
                                      }
                                  },
                                  {
                                      "title": "D0",
                                      "icon": "images/redblue_mail.png",
                                      "content": {
                                          "type": "map",
                                          "maps": ["D0"]
                                      }
                                  }
                              ]
                          }
                      ]
                  }
              ]
          }
    }
}
