{
    "tracker_broadcast": {
        "type": "array",
        "content": [
            {
                "type": "itemgrid",
                "h_alignment": "left",
                "item_margin": "10, 10, 10, 10",
                "rows": [
                    ["rocket", "spinjump", "phase"],
                    ["coolant", "bigshot", "decoder"],
                    ["repeater", "hopper"],
                    ["cartridges", "healthpacks"]
                ]
            }
        ]
    }
}