{
    "item_grid": {
        "type": "itemgrid",
        "h_alignment": "stretch",
        "item_margin": "4,4",
        "rows": [
            ["shield", "sword", "mushroom", "shovel", "bombs", "bow"],
            ["feather", "bracelet", "boots", "flippers", "hookshot", "rod"],
            ["ocarina", "marin", "frog", "shell", "yoshi", "poh"],
            ["tailkey", "anglerkey", "facekey", "eaglekey", "slimekey", "leaves"],
            ["cello", "D1chests", "conch", "D2chests", "bell","D3chests"],
            ["harp","D4chests","marimba","D5chests","triangle","D6chests"],
            ["organ","D7chests","drum","D8chests","armor","D0chests"]
        ]
    },
    "item_grid_wide": {
        "type": "itemgrid",
        "h_alignment": "left",
        "item_margin": "4,4",
        "rows": [
            ["shield", "sword", "mushroom", "shovel", "bombs", "bow","cello", "D1chests", "conch", "D2chests", "bell","D3chests"],
            ["feather", "bracelet", "boots", "flippers", "hookshot", "rod","harp","D4chests","marimba","D5chests","triangle","D6chests"],
            ["ocarina", "marin", "frog", "shell", "yoshi", "poh","triangle","D7chests","drum","D8chests","armor","D0chests"],
            ["tailkey", "anglerkey", "facekey", "eaglekey", "slimekey", "leaves"]
        ]
    },
    "tracker_default": {
      "type": "container",
      "background": "#877373",
      "content": {
          "type": "dock",
          "dropshadow": true,
          "content": [
              {
                  "type": "dock",
                  "dock": "right",
                  "v_alignment": "stretch",
                  "margin": "0,0,3,0",
                  "content": [
                      {
                          "type": "group",
                          "header": "Items",
                          "dock": "top",
                          "content": {
                              "type": "layout",
                              "key": "item_grid"
                          }
                      },
                      {
                          "type": "group",
                          "header": "Pinned Locations",
                          "dock": "right",
                          "content": {
                              "type": "recentpins",
                              "style": "wrap",
                              "h_alignment": "stretch",
                              "v_alignment": "stretch",
                              "orientation": "vertical",
                              "compact": true
                          }
                      }
                  ]
              },
              {
                  "type": "map",
                  "maps": ["worldmap"]
              }
            ]
        }
    },
    "tracker_vertical": {
        "type": "container",
        "background": "#877373",
        "content": {
            "type": "dock",
            "dropshadow": true,
            "content": [
                {
                    "type": "dock",
                    "dock": "bottom",
                    "v_alignment": "stretch",
                    "margin": "0,0,3,0",
                    "content": [
                        {
                            "type": "group",
                            "header": "Items",
                            "dock": "top",
                            "content": {
                                "type": "layout",
                                "key": "item_grid_wide"
                            }
                        },
                        {
                            "type": "group",
                            "header": "Pinned Locations",
                            "dock": "right",
                            "content": {
                                "type": "recentpins",
                                "style": "wrap",
                                "h_alignment": "stretch",
                                "v_alignment": "stretch",
                                "orientation": "vertical",
                                "compact": true
                            }
                        }
                    ]
                },
                {
                    "type": "map",
                    "maps": ["worldmap"]
                }
              ]
          }
      }
}
