{
    "item_grid": {
        "type": "itemgrid",
        "h_alignment": "stretch",
        "item_margin": "4,4",
        "rows": [
            ["shield", "sword", "powderbatter", "shovelboomerang", "bombsbatter", "bowbatter"],
            ["featherboomerang", "bracelet", "bootsboomerang", "flippers", "hookshotboomerang", "rodboomerang"],
            ["ocarina", "marincheck", "manbocheck", "frogcheck", "yoshi", "poh"],
            ["tailkey", "anglerkey", "facekey", "eaglekey", "oneleaf"],
            ["cello", "D1chests", "conch", "D2chests", "bell","D3chests"],
            ["harp","D4chests","marimba","D5chests","triangle","D6chests"],
            ["organ","D7chests","drum","D8chests","armor","D0chests"]
        ]
    },
    "settings_grid": {
        "type": "array",
        "margin": "5",
        "content": [
            {
                "type": "group",
                "header": "Cave Shuffle Settings",
                "content": [
                    {
                        "type": "item",
                        "item": "setting_hideRedundantCaves"
                    },
                    {
                        "type": "item",
                        "item": "setting_numinst8",
                        "margin": "0, 30, 0, 0"
                    }
                ]
            }
        ]
    },
    "tracker_default": {
      "type": "container",
      "background": "#877373",
      "content": {
          "type": "dock",
          "dropshadow": true,
          "content": [
              {
                  "type": "dock",
                  "dock": "right",
                  "v_alignment": "stretch",
                  "margin": "0,0,0,0",
                  "content": [
                      {
                          "type": "group",
                          "header": "Items",
                          "dock": "top",
                          "header_content": {
                            "type": "button_popup",
                            "style": "settings",
                            "popup_background": "#502121",
                            "layout": "settings_grid"
                          },
                          "content": [
                              {
                                  "type": "layout",
                                  "key": "item_grid"
                              }
                          ]
                      },
                      {
                          "type": "group",
                          "header": "Pinned Locations",
                          "dock": "right",
                          "content": {
                              "type": "recentpins",
                              "style": "wrap",
                              "h_alignment": "stretch",
                              "v_alignment": "stretch",
                              "orientation": "vertical",
                              "compact": true
                          }
                      }
                  ]
              },
              {
                  "type": "dock",
                  "v_alignment": "stretch",
                  "margin": "0, 0, 0, 0",
                  "content": [
                      {
                          "type": "tabbed",
                          "dock": "top",
                          "tabs": [
                              {
                                  "title": "Overworld",
                                  "icon": "images/Egg.png",
                                  "content": {
                                      "type": "map",
                                      "maps": ["worldmap"]
                                  }
                              },
                              {
                                  "title": "Mirrored",
                                  "icon": "images/InvertEgg.png",
                                  "content": {
                                      "type": "map",
                                      "maps": ["mirror"]
                                  }
                              }
                          ]
                      }
                  ]
              }
            ]
        }
    }
    // "tracker_vertical": {
    //     "type": "container",
    //     "background": "#877373",
    //     "content": {
    //         "type": "dock",
    //         "dropshadow": true,
    //         "content": [
    //             {
    //                 "type": "dock",
    //                 "dock": "bottom",
    //                 "v_alignment": "stretch",
    //                 "margin": "0,0,0,0",
    //                 "content": [
    //                     {
    //                         "type": "group",
    //                         "header": "Items",
    //                         "dock": "top",
    //                         "header_content": {
    //                             "type": "button_popup",
    //                             "style": "settings",
    //                             "popup_background": "#502121",
    //                             "layout": "settings_grid"
    //                         },
    //                         "content": {
    //                             "type": "layout",
    //                             "key": "item_grid_wide"
    //                         }
    //                     },
    //                     {
    //                         "type": "group",
    //                         "header": "Pinned Locations",
    //                         "dock": "right",
    //                         "content": {
    //                             "type": "recentpins",
    //                             "style": "wrap",
    //                             "h_alignment": "stretch",
    //                             "v_alignment": "stretch",
    //                             "orientation": "vertical",
    //                             "compact": true
    //                         }
    //                     }
    //                 ]
    //             },
    //             {
    //                 "type": "map",
    //                 "maps": ["worldmap"]
    //             }
    //           ]
    //       }
    //   }
}
