﻿{
  "map_enabled": true,
  "auto_pin_capturing_locations": false,
  "auto_unpin_on_clear": true,
  "allow_resize": false,
  "layout_swap_left_right": false,
  "disabled_image_filter": "grayscale, dim",
  "layouts":
  {
    "item_grid": {
        "type": "itemgrid",
        "h_alignment": "stretch",
        "item_margin": "1,2",
        "item_size": 256,
        "rows": [
            ["error"]
        ]
    },
    "tracker_default": {
        "type": "array",
        "margin": "5,5,5,5",
        "content": [
          {
            "type": "layout",
            "key": "item_grid"
          }
        ]
      }
    }
}