{
    "item_grid": {
        "type": "itemgrid",
        "h_alignment": "stretch",
        "item_margin": "1,2",
        "rows": [
            ["shield", "sword", "mushroom", "shovel", "bombs", "bow", "cello", "conch"],
            ["feather", "bracelet", "boots", "flippers", "hookshot", "rod", "bell", "harp"],
            ["ocarina", "marin", "frog", "shell", "yoshi", "armor", "marimba", "triangle"],
            ["tailkey", "anglerkey", "facekey", "eaglekey", "slimekey", "leaves", "organ", "drum"]
        ]
    },
    "tracker_default": {
        "type": "array",
        "margin": "5,5,5,5",
        "content": [
          {
            "type": "layout",
            "key": "item_grid"
          }
        ]
      }
}