{
    "item_grid": {
        "type": "itemgrid",
        "h_alignment": "center",
        "item_margin": "5,8",
        "item_size": 45,
        "rows": [
          ["shield", "sword", "mushroom", "shovel"],
          ["bombs", "bow", "feather", "lift1"],
          ["boots", "flippers", "hookshot", "rod"],
          ["ocarina", "ballad", "soul", "shell"],
          ["yoshi","armor", "tail", "angler"],
          ["face","eagle","slime","leaf"],
          ["cello","D1chests","conch","D2chests"],
          ["bell","D3chests","harp","D4chests"],
          ["marimba","D5chests","triangle","D6chests"],
          ["organ","D7chests","drum","D8chests"]
        ]
    },
    "tracker_default": {
        "type": "array",
        "margin": "5,5,5,5",
        "background": "#212121",
        "content": [
          {
            "type": "layout",
            "key": "item_grid"
          }
        ]
      }
}