{
    "tracker_broadcast": {
        "type": "array",
        "margin": "5,5,5,5",
        "content": [
            {
                "type": "itemgrid",
                "h_alignment": "left",
                "item_margin": "5,8",
                "rows": [
                    ["etanks","missile","supers","powerbomb"],
                    ["morph","bomb","varia","gravity"],
                    ["long","charge","ice","wave","plasma"],
                    ["grip","hijump","speed","screw","space"]
                ]
            }
        ]
    }
}